part,outside_box_upc,inside_bag_upc,as_written_in_file
27-3-1=10X,810139932345,810139932376,
27-3-1=1XX,840428916817,840428916732,
27-3-1=2XX,840428916824,840428916749,
27-3-1=5XX,840428916831,840428916756,
27-3-1=10XX,840428916848,840428916763,
27-2-1=1,810097203662,810097203679,
27-2-1=10,810097202337,810097203655,
27-2-1=1XX,840428916855,840428916770,
27-2-1=2XX,840428916862,840428916787,
27-2-1=5XX,840428916879,840428916794,
27-2-1=10XX,840428916886,840428916800,
27-1-1=1,00840428929305,00840428929282,
27-1-1=5,00840428929312,00840428929299,
27-1-1=1XX,840428906023,840428906061,
27-1-1=2XX,840428906030,840428906078,
27-1-1=5XX,840428906047,840428906085,
27-1-1=10XX,840428906054,840428906092,
27-3-1=1W.1C,840428927486,840428927448,
27-3-1=2W.1C,840428927493,840428927455,
27-3-1=5W.1C,840428927509,840428927462,
27-3-1=10W.1C,840428927516,840428927479,
27-2-1=1W.1C,840428927561,840428927523,
27-2-1=2W.1C,840428927578,840428927530,
27-2-1=5W.1C,840428927585,840428927547,
27-2-1=10W.1C,840428927592,840428927554,
27-1-1=1W.1C,840428927646,840428927608,
27-1-1=2W.1C,840428927653,840428927615,
27-1-1=5W.1C,840428927660,840428927622,
27-1-1=10W.1C,840428927677,840428927639,
28-1-8=1,810097207851,810097207868,
28-1-8=1XX,840428918446,840428918439,
28-1-8=2XX,840428917579,840428917111,
28-1-8=5XX,840428917586,840428917128,
28-1-8=10XX,840428917593,840428917135,
28-1-8=1W.1C,840428928162,840428928124,
28-1-8=2W.1C,840428928179,840428928131,
28-1-8=5W.1C,840428928186,840428928148,
28-1-8=10W.1C,840428928193,840428928155,
28-2-8=1,810097202344,810097203648,
28-2-8=1XX,840428912758,840428912246,
28-2-8=2XX,840428912765,840428912253,
28-2-8=5XX,840428912772,840428912260,
28-2-8=10XX,840428912789,840428912277,
28-2-7=1XX,840428912796,840428912284,
28-2-7=2XX,840428912802,840428912291,
28-2-7=5XX,840428912819,840428912307,
28-2-7=10XX,840428912826,840428912314,
28-2-8=1W.1C,840428927325,840428927288,
28-2-8=2W.1C,840428927332,840428927295,
28-2-8=5W.1C,840428927349,840428927301,
28-2-8=10W.1C,840428927356,840428927318,
28-2-7=1W.1C,840428927400,840428927363,
28-2-7=2W.1C,840428927417,840428927370,
28-2-7=5W.1C,840428927424,840428927387,
28-2-7=10W.1C,840428927431,840428927394,
28-2-1=1XX,840428917357,840428916893,
28-2-1=2XX,840428917364,840428916909,
28-2-1=5XX,840428917371,840428916916,
28-2-1=10XX,840428917388,840428916923,
28-2-1=1W.1C,840428927721,840428927684,
28-2-1=2W.1C,840428927738,840428927691,
28-2-1=5W.1C,840428927745,840428927707,
28-2-1=10W.1C,840428927752,840428927714,
28-2-2=1XX,840428917395,840428916930,
28-2-2=2XX,840428917401,840428916947,
28-2-2=5XX,840428917418,840428916954,
28-2-2=10XX,840428917425,840428916961,
28-2-2=1W.1C,840428927806,840428927769,
28-2-2=2W.1C,840428927813,840428927776,
28-2-2=5W.1C,840428927820,840428927783,
28-2-2=10W.1C,840428927837,840428927790,
28-2-1&2=2,810097203624,810097206229,
28-2-1&2=10,810097203631,810097206236,
28-2-1&2=2XX,840428917432,840428916978,
28-2-1&2=4XX,840428917449,840428916985,
28-2-1&2=10XX,840428917456,840428916992,
28-2-1&2=2,810097202375,810097203716,28-2-1&2C=2
28-2-1&2=10,810097203709,810097203723,28-2-1&2C=10
28-2-1&2=10W.2C,840428944797,840428944780,28-2-1&2C=10W.2C
28-2-1&2=2W.1C,840428927875,840428927844,
28-2-1&2=4W.1C,840428927882,840428927851,
28-2-1&2=10W.1C,840428927899,840428927868,
28-2-3=1XX,840428917463,840428917005,
28-2-3=2XX,840428917470,840428917012,
28-2-3=5XX,840428917487,840428917029,
28-2-3=10XX,840428917494,840428917036,
28-2-3=1W.1C,840428927943,840428927905,
28-2-3=2W.1C,840428927950,840428927912,
28-2-3=5W.1C,840428927967,840428927929,
28-2-3=10W.1C,840428927974,840428927936,
28-2-4=1XX,840428917500,840428917043,
28-2-4=2XX,840428917517,840428917050,
28-2-4=5XX,840428917524,840428917067,
28-2-4=10XX,840428917531,840428917074,
28-2-4=1W.1C,840428928025,840428927981,
28-2-4=2W.1C,840428928032,840428927998,
28-2-4=5W.1C,840428928049,840428928001,
28-2-4=10W.1C,840428928056,840428928018,
28-2-3&4=2,810097203686,810097206243,
28-2-3&4=10,810097203693,810097206250,
28-2-3&4=2XX,840428917548,840428917081,
28-2-3&4=4XX,840428917555,840428917098,
28-2-3&4=10XX,840428917562,840428917104,
28-2-3&4=2,810097202382,810097203747,28-2-3&4C=2
28-2-3&4=10,810097203730,810097203754,28-2-3&4C=10
28-2-3&4=2W.1C,840428928094,840428928063,
28-2-3&4=4W.1C,840428928100,840428928070,
28-2-3&4=10W.1C,840428928117,840428928087,
30-5-1=1,840428930806,840428930714,
30-5-1=5,840428930813,840428930721,
30-5-1=10,840428930820,840428930738,
30-6-2=1,840428930837,840428930745,
30-6-2=5,840428930844,840428930752,
30-6-2=10,840428930851,840428930769,
30-6-1=1,840428930868,840428930776,
30-6-1=5,840428930875,840428930783,
30-6-1=10,840428930882,840428930790,
28-5-8=1XX,840428912598,840428912086,
28-5-8=2XX,840428912604,840428912093,
28-5-8=5XX,840428912611,840428912109,
28-5-8=10XX,840428912628,840428912116,
28-5-8=1W.1C,840428927011,840428926984,
28-5-8=2W.1C,840428927028,840428926991,
28-5-8=5W.1C,840428927035,840428927004,
31-4-2=1XX,840428912635,840428912123,
31-4-2=2XX,840428912642,840428912130,
31-4-2=5XX,840428912659,840428912147,
31-4-2=10XX,840428912666,840428912154,
31-4-2=1W.1C,840428927080,840428927042,
31-4-2=2W.1C,840428927097,840428927059,
31-4-2=5W.1C,840428927103,840428927066,
31-4-2=10W.1C,840428927110,840428927073,
28-2-6=1,810097203587,810097204737,
28-2-6=10,810097204706,810097206151,
28-2-6=1XX,840428912673,840428912161,
28-2-6=2XX,840428912680,840428912178,
28-2-6=5XX,840428912697,840428912185,
28-2-6=10XX,840428912703,840428912192,
28-2-5=1XX,840428912710,840428912208,
28-2-5=2XX,840428912727,840428912215,
28-2-5=5XX,840428912734,840428912222,
28-2-5=10XX,840428912741,840428912239,
28-2-6=1W.1C,840428927165,840428927127,
28-2-6=2W.1C,840428927172,840428927134,
28-2-6=5W.1C,840428927189,840428927141,
28-2-6=10W.1C,840428927196,840428927158,
28-2-5=1W.1C,840428927240,840428927202,
28-2-5=2W.1C,840428927257,840428927219,
28-2-5=5W.1C,840428927264,840428927226,
28-2-5=10W.1C,840428927271,840428927233,
2-5-1=1,810139938019,810139938132,
2-5-1=2,810139938026,810139938149,
2-5-1=5,810139938033,810139938156,
2-5-1=10,810139938040,810139938163,
2-5-2=1,810139938217,810139938095,
2-5-2=2,810139938101,810139938224,
2-5-2=5,810139938118,810139938231,
2-5-2=10,810139938125,810139938248,
2-5-3=1,810139938170,810139938057,
2-5-3=2,810139938064,810139938187,
2-5-3=5,810139938071,810139938194,
2-5-3=10,810139938088,810139938200,
30-1-7=2X,810139931348,810139931379,
30-1-7=5X,810139931355,810139931386,
30-1-7=10X,810139931362,810139931393,
30-1-7=2XX,840428911751,840428911638,
30-1-7=5XX,840428911768,840428911645,
30-1-7=10XX,840428911775,840428911652,
25-3-2=2,810097207936,810097207943,
25-3-2=10,810097203761,810097203785,
25-3-2=2XX,840428906108,840428906139,
25-3-2=5XX,840428906115,840428906146,
25-3-2=10XX,840428906122,840428906153,
30-1-7=2W.1C,840428926670,840428926649,
30-1-7=5W.1C,840428926687,840428926656,
30-1-7=10W.1C,840428926694,840428926663,
25-3-2=2W.1C,840428926793,840428926762,
25-3-2=5W.1C,840428926809,840428926779,
25-3-2=10W.1C,840428926816,840428926786,
27-2-8=2X,00840428944957,00840428944926,
27-2-8=5X,00840428944964,00840428944933,
27-2-8=10X,00840428944971,00840428944940,
30-1-6=2XX,840428911720,840428911607,
30-1-6=5XX,840428911737,840428911614,
30-1-6=10XX,840428911744,840428911621,
25-3-1=10,810097203792,810097203815,
25-3-1=2XX,840428911782,840428911669,
25-3-1=5XX,840428911799,840428911676,
25-3-1=10XX,840428911805,840428911683,
30-1-6=2W.1C,840428926618,840428926588,
30-1-6=5W.1C,840428926625,840428926595,
30-1-6=10W.1C,840428926632,840428926601,
25-3-1=2W.1C,840428926731,840428926700,
25-3-1=5W.1C,840428926748,840428926717,
25-3-1=10W.1C,840428926755,840428926724,
4-4-1=1,810097207899,810097207905,
4-4-1=1XX,840428911812,840428912321,
4-4-1=2XX,840428911829,840428912338,
4-4-1=5XX,840428911836,840428912345,
4-4-1=10XX,840428911843,840428912352,
4-4-1=1W.1C,840428930417,840428929596,
4-4-1=2W.1C,840428930424,840428929602,
4-4-1=5W.1C,840428930431,840428929619,
4-4-1=10W.1C,840428930448,840428930400,
4-4-2=1,810139937470,810139937487,
4-4-2=1XX,840428906160,840428906177,
4-4-2=2XX,840428912369,840428911850,
4-4-2=5XX,840428912376,840428911867,
4-4-2=10XX,840428912383,840428911874,
4-4-2=1W.1C,840428930493,840428930455,
4-4-2=2W.1C,840428930509,840428930462,
4-4-2=5W.1C,840428930516,840428930479,
4-4-2=10W.1C,840428930523,840428930486,
4-4-3=1XX,840428912390,840428911881,
4-4-3=2XX,840428912406,840428911898,
4-4-3=5XX,840428912413,840428911904,
4-4-3=10XX,840428912420,840428911911,
4-4-4=1XX,840428912437,840428911928,
4-4-4=2XX,840428912444,840428911935,
4-4-4=5XX,840428912451,840428911942,
4-4-4=10XX,840428912468,840428911959,
2-3-2=2XX,840428912505,840428911997,
2-3-2=5XX,840428912512,840428912000,
2-3-2=10XX,840428912529,840428912017,
2-3-3=2XX,840428912567,840428912055,
2-3-3=5XX,840428912574,840428912062,
2-3-3=10XX,840428912581,840428912079,
2-3-1=2XX,840428912475,840428911966,
2-3-1=5XX,840428912482,840428911973,
2-3-1=10XX,840428912499,840428911980,
2-3-4=2XX,840428912536,840428912024,
2-3-4=5XX,840428912543,840428912031,
2-3-4=10XX,840428912550,840428912048,
10-2-2=1,810097205024,810097205031,
10-2-2=1X,810139931409,810139931416,
10-2-2=1XX,840428930318,840428930288,
10-3-1=1X,810139931423,810139931430,
10-2-3=1X,810139931447,810139931454,
10-2-1=1X,810139931461,810139931478,
10-2-1=1XX,840428933203,840428933197,
3-4-2=1XX,00840428938147,840428938116,
3-4-2=5XX,00840428938154,840428938123,
3-4-2=10XX,00840428938161,840428938130,
28-6-7=2XX,840428910976,840428910853,
28-6-7=5XX,840428910983,840428910860,
28-6-7=10XX,840428910990,840428910877,
28-6-7=2W.1C,840428925499,840428925468,
28-6-7=5W.1C,840428925505,840428925475,
28-6-7=10W.1C,840428925512,840428925482,
27-6-5=2XX,840428911003,840428910884,
27-6-5=5XX,840428911010,840428910891,
27-6-5=10XX,840428911027,840428910907,
27-6-5=2W.1C,840428925550,840428925529,
27-6-5=5W.1C,840428925567,840428925536,
27-6-5=10W.1C,840428925574,840428925543,
27-3-3=10,810097202412,810097203822,
27-3-3=2XX,840428911034,840428910914,
27-3-3=5XX,840428911041,840428910921,
27-3-3=10XX,840428911058,840428910938,
27-3-3=2W.1C,840428925611,840428925581,
27-3-3=5W.1C,840428925628,840428925598,
27-3-3=10W.1C,840428925635,840428925604,
27-2-3=10,810097202429,810097206205,
27-2-3=2XX,840428906184,840428906214,
27-2-3=5XX,840428906191,840428906221,
27-2-3=10XX,840428906207,840428906238,
27-2-3=2W.1C,840428925673,840428925642,
27-2-3=5W.1C,840428925680,840428925659,
27-2-3=10W.1C,840428925697,840428925666,
27-1-3=1,810097207912,810097207929,
27-1-3=10,810097202436,810097206267,
27-1-3=1XX,840428906245,840428906283,
27-1-3=2XX,840428906252,840428906290,
27-1-3=5XX,840428906269,840428906306,
27-1-3=10XX,840428906276,840428906313,
27-1-3=1W.1C,840428925741,840428925703,
27-1-3=2W.1C,840428925758,840428925710,
27-1-3=5W.1C,840428925765,840428925727,
27-1-3=10W.1C,840428925772,840428925734,
28-6-5=2XX,840428911287,840428911065,
28-6-5=5XX,840428911294,840428911072,
28-6-5=10XX,840428911300,840428911089,
28-6-5=2W.2C,840428925819,840428925789,
28-6-5=5W.2C,840428925826,840428925796,
28-6-5=10W.2C,840428925833,840428925802,
27-6-3=2XX,840428911317,840428911096,
27-6-3=5XX,840428911324,840428911102,
27-6-3=10XX,840428911331,840428911119,
27-6-3=2W.2C,840428925871,840428925840,
27-6-3=5W.2C,840428925888,840428925857,
27-6-3=10W.2C,840428925895,840428925864,
27-4-6=1,810139937791,810139937807,
27-4-6=10,810097202443,810097206274,
27-4-6=2XX,840428911348,840428911126,
27-4-6=5XX,840428911355,840428911133,
27-4-6=10XX,840428911362,840428911140,
27-4-6=2W.2C,840428925932,840428925901,
27-4-6=5W.2C,840428925949,840428925918,
27-4-6=10W.2C,840428925956,840428925925,
27-4-7=1,840428936884,840428936280,
27-4-7=10,810139937494,810139937500,
27-4-7=1XX,840428911379,840428911157,
27-4-7=2XX,840428911386,840428911164,
27-4-7=5XX,840428911393,840428911171,
27-4-7=10XX,840428911409,840428911188,
27-4-7=1W.2C,840428926007,840428925963,
27-4-7=2W.2C,840428926014,840428925970,
27-4-7=5W.2C,840428926021,840428925987,
27-4-7=10W.2C,840428926038,840428925994,
27-5-8=2XX,840428911416,840428911195,
27-5-8=5XX,840428911423,840428911201,
27-5-8=10XX,840428911430,840428911218,
27-5-8=2W.1C,840428926076,840428926045,
27-5-8=5W.1C,840428926083,840428926052,
27-5-8=10W.1C,840428926090,840428926069,
27-5-7=2XX,840428911447,840428911225,
27-5-7=5XX,840428911454,840428911232,
27-5-7=10XX,840428911461,840428911249,
27-5-7=10,840428941475,840428941468,
27-5-7=2W.1C,840428926137,840428926106,
27-5-7=5W.1C,840428926144,840428926113,
27-5-7=10W.1C,840428926151,840428926120,
27-5-6=2XX,840428911478,840428911256,
27-5-6=5XX,840428911485,840428911263,
27-5-6=10XX,840428911492,840428911270,
27-5-6=2W.1C,840428926199,840428926168,
27-5-6=5W.1C,840428926205,840428926175,
27-5-6=10W.1C,840428926212,840428926182,
30-6-5=2XX,840428912895,840428912833,
30-6-5=5XX,840428912901,840428912840,
30-6-5=10XX,840428912918,840428912857,
30-6-5=2W.2C,840428926250,840428926229,
30-6-5=5W.2C,840428926267,840428926236,
30-6-5=10W.2C,840428926274,840428926243,
30-6-4=2XX,840428912925,840428912864,
30-6-4=5XX,840428912932,840428912871,
30-6-4=10XX,840428912949,840428912888,
30-6-4=2W.2C,840428926311,840428926281,
30-6-4=5W.2C,840428926328,840428926298,
30-6-4=10W.2C,840428926335,840428926304,
30-6-8=1XX,00840428940379,840428940331,
30-6-8=2XX,00840428940386,840428940348,
30-6-8=5XX,00840428940393,840428940355,
30-6-8=10XX,00840428940409,840428940362,
28-5-7=2XX,00840428935283,840428935252,
28-5-7=5XX,00840428935290,840428935269,
28-5-7=10XX,00840428935306,840428935276,
27-4-3=2XX,840428910228,840428909772,
27-4-3=5XX,840428910235,840428909789,
27-4-3=10XX,840428910242,840428909796,
27-4-3=2W.1C,840428924478,840428924447,
27-4-3=5W.1C,840428924485,840428924454,
27-4-3=10W.1C,840428924492,840428924461,
27-4-4=2XX,840428910259,840428909802,
27-4-4=5XX,840428910266,840428909819,
27-4-4=10XX,840428910273,840428909826,
27-4-4=2W.1C,840428924539,840428924508,
27-4-4=5W.1C,840428924546,840428924515,
27-4-4=10W.1C,840428924553,840428924522,
27-4-5=2XX,840428910280,840428909833,
27-4-5=5XX,840428910297,840428909840,
27-4-5=10XX,840428910303,840428909857,
27-4-5=2W.1C,840428924591,840428924560,
27-4-5=5W.1C,840428924607,840428924577,
27-4-5=10W.1C,840428924614,840428924584,
28-6-6=2XX,840428910310,840428909864,
28-6-6=5XX,840428910327,840428909871,
28-6-6=10XX,840428910334,840428909888,
28-6-6=2W.1C,840428924652,840428924621,
28-6-6=5W.1C,840428924669,840428924638,
28-6-6=10W.1C,840428924676,840428924645,
27-6-6=2XX,840428910341,840428909895,
27-6-6=5XX,840428910358,840428909901,
27-6-6=10XX,840428910365,840428909918,
27-6-6=2W.1C,840428924713,840428924683,
27-6-6=5W.1C,840428924720,840428924690,
27-6-6=10W.1C,840428924737,840428924706,
27-3-2=10,810097202511,810097206304,
27-3-2=2XX,840428910372,840428909925,
27-3-2=5XX,840428910389,840428909932,
27-3-2=10XX,840428910396,840428909949,
27-3-2=2W.1C,840428924775,840428924744,
27-3-2=5W.1C,840428924782,840428924751,
27-3-2=10W.1C,840428924799,840428924768,
27-2-2=10,810097202450,810097203839,
27-2-2=2XX,840428910402,840428909956,
27-2-2=5XX,840428910419,840428909963,
27-2-2=10XX,840428910426,840428909970,
27-2-2=2W.1C,840428924836,840428924805,
27-2-2=5W.1C,840428924843,840428924812,
27-2-2=10W.1C,840428924850,840428924829,
27-1-2=10X,810139931560,810139931591,
27-1-2=2XX,840428910433,840428909987,
27-1-2=5XX,840428910440,840428909994,
27-1-2=10XX,840428910457,840428910006,
27-1-2=2W.1C,840428924898,840428924867,
27-1-2=5W.1C,840428924904,840428924874,
27-1-2=10W.1C,840428924911,840428924881,
43-4-11=1X,00840428944988,00840428945008,
43-4-11=2X,00840428945022,00840428945046,
43-4-12=1X,00840428944995,00840428945015,
43-4-12=2X,00840428945039,00840428945053,
43-5-12=1XX,00840428940447,840428940416,
43-5-12=5XX,00840428940454,840428940423,
43-5-12=10XX,00840428940461,840428940430,
43-5-11=1XX,00840428940508,840428940478,
43-5-11=5XX,00840428940515,840428940485,
43-5-11=10XX,00840428940522,840428940492,
28-6-4=1,840428900441,840428900458,
28-6-4=2XX,840428910525,840428910464,
28-6-4=5XX,840428910532,840428910471,
28-6-4=10XX,840428910549,840428910488,
28-6-4=2W.2C,840428924959,840428924928,
28-6-4=5W.2C,840428924966,840428924935,
28-6-4=10W.2C,840428924973,840428924942,
27-6-8=2XX,840428910556,840428910495,
27-6-8=5XX,840428910563,840428910501,
27-6-8=10XX,840428910570,840428910518,
27-6-8=2W.2C,840428925017,840428924980,
27-6-8=5W.2C,840428925024,840428924997,
27-6-8=10W.2C,840428925031,840428925000,
27-3-8=10X,810139931683,810139931713,
27-3-8=2XX,840428906320,840428906351,
27-3-8=5XX,840428906337,840428906368,
27-3-8=10XX,840428906344,840428906375,
27-3-8=2W.2C,840428925079,840428925048,
27-3-8=5W.2C,840428925086,840428925055,
27-3-8=10W.2C,840428925093,840428925062,
27-4-8=1XX,840428910709,840428910587,
27-4-8=2XX,840428910716,840428910594,
27-4-8=5XX,840428910723,840428910600,
27-4-8=10XX,840428910730,840428910617,
27-4-8=1W.2C,840428925147,840428925109,
27-4-8=2W.2C,840428925154,840428925116,
27-4-8=5W.2C,840428925161,840428925123,
27-4-8=10W.2C,840428925178,840428925130,
28-4-1=1X,810139937845,810139937838,
28-4-1=2X,810139931720,810139931751,
28-4-1=5,810139931737,810139931768,
28-4-1=10X,810139931744,810139931775,
28-4-1=1XX,840428910747,840428910624,
28-4-1=2XX,840428910754,840428910631,
28-4-1=5XX,840428910761,840428910648,
28-4-1=10XX,840428910778,840428910655,
28-4-1=1W.1C,840428925222,840428925185,
28-4-1=2W.1C,840428925239,840428925192,
28-4-1=5W.1C,840428925246,840428925208,
28-4-1=10W.1C,840428925253,840428925215,
28-4-1=2X,810139931782,810139931812,28-4-1C=2X
28-4-1=5X,810139931799,810139931829,28-4-1C=5X
28-4-1=10X,810139931805,810139931836,28-4-1C=10X
28-4-2=5,810139931843,810139931850,
28-4-2=2X,810139931867,810139931898,
28-4-2=5X,810139931874,810139931904,
28-4-2=10X,810139931881,810139931911,
28-4-2=1XX,840428910785,840428910662,
28-4-2=2XX,840428910792,840428910679,
28-4-2=5XX,840428910808,840428910686,
28-4-2=10XX,840428910815,840428910693,
28-4-2=2X,810139931928,810139931959,28-4-2C=2X
28-4-2=5X,810139931935,810139931966,28-4-2C=5X
28-4-2=10X,810139931942,810139931973,28-4-2C=10X
28-4-2=1W.1C,840428925307,840428925260,
28-4-2=2W.1C,840428925314,840428925277,
28-4-2=5W.1C,840428925321,840428925284,
28-4-2=10W.1C,840428925338,840428925291,
28-4-8=1,840428937096,840428936495,
28-4-8=10,00840428938581,00840428938574,
28-4-8=2XX,840428906382,840428906412,
28-4-8=5XX,840428906399,840428906429,
28-4-8=10XX,840428906405,840428906436,
28-4-8=2W.1C,840428925376,840428925345,
28-4-8=5W.1C,840428925383,840428925352,
28-4-8=10W.1C,840428925390,840428925369,
28-4-7=2XX,840428910945,840428910822,
28-4-7=5XX,840428910952,840428910839,
28-4-7=10XX,840428910969,840428910846,
28-4-7=2,810139932055,810139932086,
28-4-7=10,840428941499,840428941482,
28-4-7=2W.1C,840428925437,840428925406,
28-4-7=5W.1C,840428925444,840428925413,
28-4-7=10W.1C,840428925451,840428925420,
28-6-3=2XX,840428917609,840428917142,
28-6-3=5XX,840428917616,840428917159,
28-6-3=10XX,840428917623,840428917166,
28-6-3=2W.1C,840428928230,840428928209,
28-6-3=5W.1C,840428928247,840428928216,
28-6-3=10W.1C,840428928254,840428928223,
27-6-4=2XX,840428917630,840428917173,
27-6-4=5XX,840428917647,840428917180,
27-6-4=10XX,840428917654,840428917197,
27-6-4=2W.1C,840428928292,840428928261,
27-6-4=5W.1C,840428928308,840428928278,
27-6-4=10W.1C,840428928315,840428928285,
27-3-4=10,840428945190,840428945183,
27-3-4=2XX,840428917661,840428917203,
27-3-4=5XX,840428917678,840428917210,
27-3-4=10XX,840428917685,840428917227,
27-3-4=2W.1C,840428928322,840428928353,
27-3-4=5W.1C,840428928339,840428928360,
27-3-4=10W.1C,840428928346,840428928377,
28-5-2=2XX,00840428935344,840428935313,
28-5-2=5XX,00840428935351,840428935320,
28-5-2=10XX,00840428935368,840428935337,
27-2-4=10,810097202467,810097203846,
27-2-4=2XX,840428917692,840428917234,
27-2-4=5XX,840428917708,840428917241,
27-2-4=10XX,840428917715,840428917258,
27-2-4=2W.1C,840428928384,840428928414,
27-2-4=5W.1C,840428928391,840428928421,
27-2-4=10W.1C,840428928407,840428928438,
27-1-4=10,810097207998,810097208001,
27-1-4=2X,810139931980,810139932017,
27-1-4=5X,810139931997,810139932024,
27-1-4=10X,810139932000,810139932031,
27-1-4=2XX,840428917722,840428917265,
27-1-4=5XX,840428917739,840428917272,
27-1-4=10XX,840428917746,840428917289,
27-1-4=2W.1C,840428928445,840428928476,
27-1-4=5W.1C,840428928452,840428928483,
27-1-4=10W.1C,840428928469,840428928490,
27-6-2=2XX,840428917784,840428917326,
27-6-2=5XX,840428917791,840428917333,
27-6-2=10XX,840428917807,840428917340,
27-6-2=2W.2C,840428928599,840428928568,
27-6-2=5W.2C,840428928605,840428928575,
27-6-2=10W.2C,840428928612,840428928582,
27-5-1=10,810097202474,810097203853,
27-5-1=2XX,840428917753,840428917296,
27-5-1=5XX,840428917760,840428917302,
27-5-1=10XX,840428917777,840428917319,
27-5-1=2W.2C,840428928537,840428928506,
27-5-1=5W.2C,840428928544,840428928513,
27-5-1=10W.2C,840428928551,840428928520,
27-5-4=2XX,840428906443,840428906474,
27-5-4=5XX,840428906450,840428906481,
27-5-4=10XX,840428906467,840428906498,
27-5-4=2W.2C,840428928650,840428928629,
27-5-4=5W.2C,840428928667,840428928636,
27-5-4=10W.2C,840428928674,840428928643,
27-5-3=2XX,840428918224,840428918194,
27-5-3=5XX,840428918231,840428918200,
27-5-3=10XX,840428918248,840428918217,
27-5-3=2W.2C,840428928711,840428928681,
27-5-3=5W.2C,840428928728,840428928698,
27-5-3=10W.2C,840428928735,840428928704,
27-5-2=2XX,840428918286,840428918255,
27-5-2=5XX,840428918293,840428918262,
27-5-2=10XX,840428918309,840428918279,
27-5-2=2W.2C,840428928773,840428928742,
27-5-2=5W.2C,840428928780,840428928759,
27-5-2=10W.2C,840428928797,840428928766,
30-6-3=1XX,840428906504,840428906542,
30-6-3=2XX,840428906511,840428906559,
30-6-3=5XX,840428906528,840428906566,
30-6-3=10XX,840428906535,840428906573,
30-6-3=1W.2C,840428928841,840428928803,
30-6-3=2W.2C,840428928858,840428928810,
30-6-3=5W.2C,840428928865,840428928827,
30-6-3=10W.2C,840428928872,840428928834,
27-5-5=10,810097202481,810097206281,
27-5-5=2XX,840428909178,840428908904,
27-5-5=5XX,840428909185,840428908911,
27-5-5=10XX,840428909192,840428908928,
27-5-5=2W.1C,840428923389,840428923358,
27-5-5=5W.1C,840428923396,840428923365,
27-5-5=10W.1C,840428923402,840428923372,
27-3-7=10,810097202498,810097203860,
27-3-7=10X,810139932062,810139932093,
27-3-7=2XX,840428906580,840428906610,
27-3-7=5XX,840428906597,840428906627,
27-3-7=10XX,840428906603,840428906634,
27-3-7=2W.1C,840428923440,840428923419,
27-3-7=5W.1C,840428923457,840428923426,
27-3-7=10W.1C,840428923464,840428923433,
27-2-7=1,840428936600,840428936006,
27-2-7=10,810139932048,810139932079,
27-2-7=2X,840428909239,840428909208,
27-2-7=5XX,840428909246,840428909215,
27-2-7=10XX,840428909253,840428909222,
27-2-7=2W.1C,840428923501,840428923471,
27-2-7=5W.1C,840428923518,840428923488,
27-2-7=10W.1C,840428923525,840428923495,
27-1-7=1,840428936631,840428936037,
27-1-7=2XX,840428906641,840428906672,
27-1-7=5XX,840428906658,840428906689,
27-1-7=10XX,840428906665,840428906696,
27-1-7=2W.1C,840428923563,840428923532,
27-1-7=5W.1C,840428923570,840428923549,
27-1-7=10W.1C,840428923587,840428923556,
28-3-6=10,810097202504,810097206298,
28-3-6=2XX,840428906702,840428906733,
28-3-6=5XX,840428906719,840428906740,
28-3-6=10XX,840428906726,840428906757,
28-3-6=2W.1C,840428923624,840428923594,
28-3-6=5W.1C,840428923631,840428923600,
28-3-6=10W.1C,840428923648,840428923617,
28-3-5=2,840428942199,840428942182,
28-3-5=2XX,840428909413,840428909260,
28-3-5=5XX,840428909420,840428909277,
28-3-5=10XX,840428909437,840428909284,
28-3-5=2W.1C,840428923655,840428923686,
28-3-5=5W.1C,840428923662,840428923693,
28-3-5=10W.1C,840428923679,840428923709,
28-3-7=1,840428936648,840428936044,
28-3-7=2XX,840428909444,840428909291,
28-3-7=5XX,840428909451,840428909307,
28-3-7=10XX,840428909468,840428909314,
28-3-7=2W.1C,840428923716,840428923747,
28-3-7=5W.1C,840428923723,840428923754,
28-3-7=10W.1C,840428923730,840428923761,
28-3-8=1,840428944773,840428944766,
28-3-8=2XX,840428909475,840428909321,
28-3-8=5XX,840428909482,840428909338,
28-3-8=10XX,840428909499,840428909345,
28-3-8=2W.1C,840428923778,840428923808,
28-3-8=5W.1C,840428923785,840428923815,
28-3-8=10W.1C,840428923792,840428923822,
27-3-6=10,810097202528,810097203884,
27-3-6=10X,840428944698,840428944681,
27-3-6=2XX,840428909505,840428909352,
27-3-6=5XX,840428909512,840428909369,
27-3-6=10XX,840428909529,840428909376,
27-3-6=2W.1C,840428923860,840428923839,
27-3-6=5W.1C,840428923877,840428923846,
27-3-6=10W.1C,840428923884,840428923853,
27-2-6=2,810139932161,810139932192,
27-2-6=2XX,840428909536,840428909383,
27-2-6=5XX,840428909543,840428909390,
27-2-6=10XX,840428909550,840428909406,
27-2-6=2W.1C,840428923921,840428923891,
27-2-6=5W.1C,840428923938,840428923907,
27-2-6=10W.1C,840428923945,840428923914,
27-1-6=1,840428936792,840428936198,
27-1-6=10,810097202535,810097203891,
27-1-6=2XX,840428906764,840428906795,
27-1-6=5XX,840428906771,840428906801,
27-1-6=10XX,840428906788,840428906818,
27-1-6=2W.1C,840428923983,840428923952,
27-1-6=5W.1C,840428923990,840428923969,
27-1-6=10W.1C,840428924003,840428923976,
28-3-1=10,810097202559,810097206328,
28-3-1=2XX,840428910013,840428909567,
28-3-1=5XX,840428910020,840428909574,
28-3-1=10XX,840428910037,840428909581,
28-3-1=2W.1C,840428924041,840428924010,
28-3-1=5W.1C,840428924058,840428924027,
28-3-1=10W.1C,840428924065,840428924034,
28-3-2=10,810097202542,810097206311,
28-3-2=2XX,840428910044,840428909598,
28-3-2=5XX,840428910051,840428909604,
28-3-2=10XX,840428910068,840428909611,
28-3-2=2W.1C,840428924119,840428924089,
28-3-2=5W.1C,840428924126,840428924096,
28-3-2=10W.1C,840428924133,840428924102,
28-3-3=1X,840428944759,840428944742,
28-3-3=1,810097202566,810097203907,
28-3-3=2XX,840428910075,840428909628,
28-3-3=5XX,840428910082,840428909635,
28-3-3=10XX,840428910099,840428909642,
28-3-3=2W.1C,840428924171,840428924140,
28-3-3=5W.1C,840428924188,840428924157,
28-3-3=10W.1C,840428924195,840428924164,
28-3-4=10,810097202573,810097206335,
28-3-4=1,810097203914,810097203921,
28-3-4=2XX,840428910105,840428909659,
28-3-4=5XX,840428910112,840428909666,
28-3-4=10XX,840428910129,840428909673,
28-3-4=2W.1C,840428924232,840428924201,
28-3-4=5W.1C,840428924249,840428924218,
28-3-4=10W.1C,840428924256,840428924225,
27-4-1=2XX,840428910136,840428909680,
27-4-1=5XX,840428910143,840428909697,
27-4-1=10XX,840428910150,840428909703,
27-4-1=2W.1C,840428924294,840428924263,
27-4-1=5W.1C,840428924300,840428924270,
27-4-1=10W.1C,840428924317,840428924287,
27-4-2=2XX,840428910167,840428909710,
27-4-2=5XX,840428910174,840428909727,
27-4-2=10XX,840428910181,840428909734,
27-4-2=2W.1C,840428924355,840428924324,
27-4-2=5W.1C,840428924362,840428924331,
27-4-2=10W.1C,840428924379,840428924348,
27-1-8=2XX,840428910198,840428909741,
27-1-8=5XX,840428910204,840428909758,
27-1-8=10XX,840428910211,840428909765,
27-1-8=2W.1C,840428924416,840428924386,
27-1-8=5W.1C,840428924423,840428924393,
27-1-8=10W.1C,840428924430,840428924409,
31-6-1=2XX,00840428935467,840428935436,
31-6-1=5XX,00840428935474,840428935443,
31-6-1=10XX,00840428935481,840428935450,
30-4-2=2XX,00840428935528,840428935498,
30-4-2=5XX,00840428935535,840428935504,
30-4-2=10XX,00840428935542,840428935511,
30-4-3=2XX,00840428935580,840428935559,
30-4-3=5XX,00840428935597,840428935566,
30-4-3=10XX,00840428935603,840428935573,
28-4-3=1,810097202580,810097203938,
28-4-3=1XX,840428908935,840428908669,
28-4-3=2XX,840428908942,840428908676,
28-4-3=5XX,840428908959,840428908683,
28-4-3=10XX,840428908966,840428908690,
28-4-3=1W.1C,840428908973,840428908706,
28-4-3=2W.1C,840428908980,840428908713,
28-4-3=5W.1C,840428908997,840428908720,
28-4-3=10W.1C,840428909000,840428908737,
28-4-4=1,810097202597,810097203945,
28-4-4=1XX,840428909017,840428908744,
28-4-4=2XX,840428909024,840428908751,
28-4-4=5XX,840428909031,840428908768,
28-4-4=10XX,840428909048,840428908775,
28-4-4=1W.1C,840428909055,840428908782,
28-4-4=2W.1C,840428909062,840428908799,
28-4-4=5W.1C,840428909079,840428908805,
28-4-4=10W.1C,840428909086,840428908812,
28-4-5=10,810097202603,810097206342,
28-4-5=1,810097203952,810097203969,
28-4-5=1X,840428942137,840428942120,
28-4-5=1XX,840428909093,840428908829,
28-4-5=2XX,840428909109,840428908836,
28-4-5=5XX,840428909116,840428908843,
28-4-5=10XX,840428909123,840428908850,
28-4-5=1W.1C,840428909130,840428908867,
28-4-5=2W.1C,840428909147,840428908874,
28-4-5=5W.1C,840428909154,840428908881,
28-4-5=10W.1C,840428909161,840428908898,
28-6-8=2,840428937126,840428936525,
28-6-8=2XX,840428912987,840428912956,
28-6-8=5XX,840428912994,840428912963,
28-6-8=10XX,840428913007,840428912970,
28-6-8=2W.1C,840428926373,840428926342,
28-6-8=5W.1C,840428926380,840428926359,
28-6-8=10W.1C,840428926397,840428926366,
27-6-7=2XX,840428906825,840428906856,
27-6-7=5XX,840428906832,840428906863,
27-6-7=10XX,840428906849,840428906870,
27-6-7=2W.1C,840428926434,840428926403,
27-6-7=5W.1C,840428926441,840428926410,
27-6-7=10W.1C,840428926458,840428926427,
27-3-5=10,810097202610,810097203983,
27-3-5=2XX,840428906887,840428906917,
27-3-5=5XX,840428906894,840428906924,
27-3-5=10XX,840428906900,840428906931,
27-3-5=2W.1C,840428929213,840428929183,
27-3-5=5W.1C,840428929220,840428929190,
27-3-5=10W.1C,840428929237,840428929206,
27-2-5=10,810097202627,810097203976,
27-2-5=2XX,840428906948,840428906979,
27-2-5=5XX,840428906955,840428906986,
27-2-5=10XX,840428906962,840428906993,
27-2-5=2W.1C,840428926496,840428926465,
27-2-5=5W.1C,840428926502,840428926472,
27-2-5=10W.1C,840428926519,840428926489,
27-1-5=2XX,840428911690,840428911577,
27-1-5=5XX,840428911706,840428911584,
27-1-5=10XX,840428911713,840428911591,
27-1-5=2W.1C,840428926557,840428926526,
27-1-5=5W.1C,840428926564,840428926533,
27-1-5=10W.1C,840428926571,840428926540,
28-5-3=10,810097208018,810097208025,
28-5-3=2XX,00840428935405,840428935375,
28-5-3=5XX,00840428935412,840428935382,
28-5-3=10XX,00840428935429,840428935399,
28-1-1=10,810097202634,810097203877,
28-1-1=2XX,840428907006,840428907037,
28-1-1=5XX,840428907013,840428907044,
28-1-1=10XX,840428907020,840428907051,
28-1-1=2W.1C,840428928919,840428928889,
28-1-1=5W.1C,840428928926,840428928896,
28-1-1=10W.1C,840428928933,840428928902,
28-1-2=2XX,840428907068,840428907099,
28-1-2=5XX,840428907075,840428907105,
28-1-2=10XX,840428907082,840428907112,
28-1-2=2W.1C,840428928971,840428928940,
28-1-2=5W.1C,840428928988,840428928957,
28-1-2=10W.1C,840428928995,840428928964,
28-1-4=2XX,840428918378,840428918316,
28-1-4=5XX,840428918385,840428918323,
28-1-4=10XX,840428918392,840428918330,
28-1-4=2W.1C,840428929039,840428929008,
28-1-4=5W.1C,840428929046,840428929015,
28-1-4=10W.1C,840428929053,840428929022,
28-1-3=2XX,840428918408,840428918347,
28-1-3=5XX,840428918415,840428918354,
28-1-3=10XX,840428918422,840428918361,
28-1-3=2W.1C,840428929091,840428929060,
28-1-3=5W.1C,840428929107,840428929077,
28-1-3=10W.1C,840428929114,840428929084,
43-5-1=5X,00840428941642,00840428941802,
43-5-1=10X,00840428941659,00840428941819,
43-5-1=25X,00840428941666,00840428941826,
43-5-1=50X,00840428941673,00840428941833,
43-5-2=5X,00840428941680,00840428941840,
43-5-2=10X,00840428941697,00840428941857,
43-5-2=25X,00840428941703,00840428941864,
43-5-2=50X,00840428941710,00840428941871,
43-5-3=5X,00840428941727,00840428941888,
43-5-3=10X,00840428941734,00840428941895,
43-5-3=25X,00840428941741,00840428941901,
43-5-3=50X,00840428941758,00840428941918,
43-5-4=5X,00840428941765,00840428941925,
43-5-4=10X,00840428941772,00840428941932,
43-5-4=25X,00840428941789,00840428941949,
43-5-4=50X,00840428941796,00840428941956,
31-1-8=5XX,00840428940157,840428940133,
31-1-8=25XX,00840428940164,840428940140,
31-1-4=5XX,00840428940195,840428940171,
31-1-4=25XX,00840428940201,840428940188,
31-1-5=5XX,00840428940232,840428940218,
31-1-5=25XX,00840428940249,840428940225,
31-1-6=5XX,00840428940270,840428940256,
31-1-6=25XX,00840428940287,840428940263,
31-1-7=5XX,00840428940317,840428940294,
31-1-7=25XX,00840428940324,840428940300,
30-2-4=1X,840428942250,840428942243,
30-2-4=1,00840428932350,00840428932336,
31-2-4=1,00840428932367,00840428932343,
31-2-4=1XX,00840428942298,00840428942267,
31-2-4=5XX,00840428942304,00840428942274,
31-2-4=10XX,00840428942311,00840428942281,
33-5-1=2XX,00840428939656,00840428939298,
33-5-1=5XX,00840428939663,00840428939304,
33-5-1=10XX,00840428939670,00840428939311,
33-6-1=2XX,00840428939687,00840428939328,
33-6-1=5XX,00840428939694,00840428939335,
33-6-1=10XX,00840428939700,00840428939342,
33-5-2=2XX,00840428939717,00840428939359,
33-5-2=5XX,00840428939724,00840428939366,
33-5-2=10XX,00840428939731,00840428939373,
33-6-2=2XX,00840428939748,00840428939380,
33-6-2=5XX,00840428939755,00840428939397,
33-6-2=10XX,00840428939762,00840428939403,
33-5-3=2XX,00840428939779,00840428939410,
33-5-3=5XX,00840428939786,00840428939427,
33-5-3=10XX,00840428939793,00840428939434,
33-6-3=2XX,00840428939809,00840428939441,
33-6-3=5XX,00840428939816,00840428939458,
33-6-3=10XX,00840428939823,00840428939465,
33-5-4=2XX,00840428939830,00840428939472,
33-5-4=5XX,00840428939847,00840428939489,
33-5-4=10XX,00840428939854,00840428939496,
33-6-4=2XX,00840428939861,00840428939502,
33-6-4=5XX,00840428939878,00840428939519,
33-6-4=10XX,00840428939885,00840428939526,
33-5-5=2XX,00840428939892,00840428939533,
33-5-5=5XX,00840428939908,00840428939540,
33-5-5=10XX,00840428939915,00840428939557,
33-6-5=2XX,00840428939922,00840428939564,
33-6-5=5XX,00840428939939,00840428939571,
33-6-5=10XX,00840428939946,00840428939588,
33-5-6=2XX,00840428939953,00840428939595,
33-5-6=5XX,00840428939960,00840428939601,
33-5-6=10XX,00840428939977,00840428939618,
33-6-6=2XX,00840428939984,00840428939625,
33-6-6=5XX,00840428939991,00840428939632,
33-6-6=10XX,00840428940003,00840428939649,
24-1-1=1,810139935957,810139935964,
24-1-1=10,810097202641,810097203990,
24-1-1=1X,840428905422,840428905064,
24-1-1=2X,840428905439,840428905071,
24-1-1=5X,840428905446,840428905088,
24-1-1=10X,840428905453,840428905095,
24-2-1=2X,810139930860,810139930907,
24-2-1=4X,810139930877,810139930914,
24-2-1=10X,810139930884,810139930921,
24-2-1=20X,810139930891,810139930938,
24-2-2=2X,810139930945,810139930983,
24-2-2=4X,810139930952,810139930990,
24-2-2=10X,810139930969,810139931003,
24-2-2=20X,810139930976,810139931010,
24-2-1&2=2,810097202658,810097204003,
24-2-1&2=10,810097204027,810097204010,
24-2-1&2=2X,810139930389,810139930426,
24-2-1&2=4X,810139930396,810139930433,
24-2-1&2=10X,810139930402,810139930440,
24-2-1&2=20X,810139930419,810139930457,
24-2-3=2X,810139931027,810139931065,
24-2-3=4X,810139931034,810139931072,
24-2-3=10X,810139931041,810139931089,
24-2-3=20X,810139931058,810139931096,
24-2-4=2X,810139931102,810139931140,
24-2-4=4X,810139931119,810139931157,
24-2-4=10X,810139931126,810139931164,
24-2-4=20X,810139931133,810139931171,
24-2-3&4=2,810097202665,810097204041,
24-2-3&4=2X,810139930464,810139930501,
24-2-3&4=4X,810139930471,810139930518,
24-2-3&4=10,810097204034,810097204058,
24-2-3&4=10X,810139930488,810139930525,
24-2-3&4=20X,810139930495,810139930532,
24-2-5=2X,810139931188,810139931225,
24-2-5=4X,810139931195,810139931232,
24-2-5=10X,810139931201,810139931249,
24-2-5=20X,810139931218,810139931256,
24-2-6=2X,810139931263,810139931300,
24-2-6=4X,810139931270,810139931317,
24-2-6=10X,810139931287,810139931324,
24-2-6=20X,810139931294,810139931331,
24-2-5&6=2,810139937531,810139937555,
24-2-5&6=2X,810139930549,810139930587,
24-2-5&6=4X,810139930556,810139930594,
24-2-5&6=10,810139937548,810139937562,
24-2-5&6=10X,810139930563,810139930600,
24-2-5&6=20X,810139930570,810139930617,
23-3-1=10,840428944735,840428944728,
23-3-1=1,00840428942571,00840428942564,
23-3-1=2X,810139930624,810139930662,
23-3-1=4X,810139930631,810139930679,
23-3-1=10X,810139930648,810139930686,
23-3-1=20X,810139930655,810139930693,
23-2-1=1,810097200555,810097208032,
23-2-1=2,810097202672,810097204744,
23-2-1=10,810097204072,810097204768,
23-2-1=2X,810139930709,810139930747,
23-2-1=4X,810139930716,810139930754,
23-2-1=10X,810139930723,810139930761,
23-2-1=20X,810139930730,810139930778,
23-1-1=2X,810139930785,810139930822,
23-1-1=4X,810139930792,810139930839,
23-1-1=10X,810139930808,810139930846,
23-1-1=20X,810139930815,810139930853,
23-1-1=5,810097202689,810097204775,
23-1-1=10,810097204089,810097204782,
24-1-5=1X,840428905460,840428905101,
24-1-5=2X,840428905477,840428905118,
24-1-5=5X,840428905484,840428905125,
24-1-5=10X,840428905491,840428905132,
24-1-6=1,840428900427,840428900434,
24-1-6=1X,840428905507,840428905149,
24-1-6=2X,840428905514,840428905156,
24-1-6=5X,840428905521,840428905163,
24-1-6=10X,840428905538,840428905170,
23-1-9=1X,840428905781,840428905545,
23-1-9=2X,840428905798,840428905552,
23-1-9=5X,840428905804,840428905569,
23-1-9=10X,840428905811,840428905576,
24-1-9=1X,840428905828,840428905583,
24-1-9=2X,840428905835,840428905590,
24-1-9=5X,840428905842,840428905606,
24-1-9=10X,840428905859,840428905613,
24-1-7=1X,840428905866,840428905620,
24-1-7=2X,840428905873,840428905637,
24-1-7=5X,840428905880,840428905644,
24-1-7=10X,840428905897,840428905651,
24-1-8=1,840428936853,840428936259,
24-1-8=1X,840428905903,840428905668,
24-1-8=2X,840428905910,840428905675,
24-1-8=5X,840428905927,840428905682,
24-1-8=10X,840428905934,840428905699,
24-2-7=1X,840428905941,840428905705,
24-2-7=2X,840428905958,840428905712,
24-2-7=5X,840428905965,840428905729,
24-2-7=10X,840428905972,840428905736,
24-2-8=1X,840428905989,840428905743,
24-2-8=2X,840428905996,840428905750,
24-2-8=5X,840428906009,840428905767,
24-2-8=10X,840428906016,840428905774,
24-3-3=10,00840428942595,00840428942588,
24-3-3=1XX,840428907624,840428907211,
24-3-3=2XX,840428907631,840428907228,
24-3-3=4XX,840428907648,840428907235,
24-3-3=10XX,840428907655,840428907242,
24-1-3=2XX,840428907532,840428907129,
24-1-3=4XX,840428907549,840428907136,
24-1-3=10XX,840428907556,840428907143,
24-1-4=2XX,840428907563,840428907150,
24-1-4=4XX,840428907570,840428907167,
24-1-4=10XX,840428907587,840428907174,
24-1-3&4=2,810097202719,810097204799,
24-1-3&4=10,810097204096,810097204805,
24-1-3&4=2XX,840428907594,840428907181,
24-1-3&4=4XX,840428907600,840428907198,
24-1-3&4=10XX,840428907617,840428907204,
24-3-4=1XX,840428907662,840428907259,
24-3-4=2XX,840428907679,840428907266,
24-3-4=4XX,840428907686,840428907273,
24-3-4=10XX,840428907693,840428907280,
24-3-4=1,840428936808,840428936204,
24-3-4=2,840428937003,840428936402,
24-3-4=10,840428941512,840428941505,
34-1-1=2XX,840428931070,840428930899,
34-1-1=4XX,840428931087,840428930905,
34-1-1=10XX,840428931094,840428930912,
34-1-2=2XX,840428931100,840428930929,
34-1-2=4XX,840428931117,840428930936,
34-1-2=10XX,840428931124,840428930943,
34-1-1&2=2XX,840428931131,840428930950,
34-1-1&2=4XX,840428931148,840428930967,
34-1-1&2=10XX,840428931155,840428930974,
24-3-5=1,810097202726,810097204812,
24-3-5=5,810097204102,810097204829,
24-3-5=1X,840428941994,840428941987,
24-3-5=1XX,840428907709,840428907297,
24-3-5=2XX,840428907716,840428907303,
24-3-5=4XX,840428907723,840428907310,
24-3-5=10XX,840428907730,840428907327,
34-1-3=2XX,840428931162,840428930981,
34-1-3=4XX,840428931179,840428930998,
34-1-3=10XX,840428931186,840428931001,
34-1-4=2XX,840428931193,840428931018,
34-1-4=4XX,840428931209,840428931025,
34-1-4=10XX,840428931216,840428931032,
34-1-3&4=2XX,840428931223,840428931049,
34-1-3&4=4XX,840428931230,840428931056,
34-1-3&4=10XX,840428931247,840428931063,
24-3-6=2,810097204119,810097204720,
24-3-6=1XX,840428907747,840428907334,
24-3-6=2XX,840428907754,840428907341,
24-3-6=4XX,840428907761,840428907358,
24-3-6=10XX,840428907778,840428907365,
24-3-7=1,840428937164,840428936563,
24-3-7=1XX,840428907785,840428907372,
24-3-7=2XX,840428907792,840428907389,
24-3-7=4XX,840428907808,840428907396,
24-3-7=10XX,840428907815,840428907402,
25-6-6=25X,840428903077,840428902681,
25-6-6=50X,840428903084,840428902698,
25-6-6=100X,840428903091,840428902704,
26-3-4=100,810097202740,810097204836,
26-3-4=25X,840428903107,840428902711,
26-3-4=50X,840428903114,840428902728,
26-3-4=100X,840428903121,840428902735,
26-3-5=100,810097202757,810097204843,
26-3-5=25X,840428903138,840428902742,
26-3-5=50X,840428903145,840428902759,
26-3-5=100X,840428903152,840428902766,
26-3-6=100,810097202764,810097204850,
26-3-6=25X,840428903190,840428902803,
26-3-6=50X,840428903206,840428902810,
26-3-6=100X,840428903213,840428902827,
25-6-4=50X,810139932260,810139932284,
25-6-4=100X,810139932277,810139932291,
25-6-4=25X,840428903169,840428902773,
25-6-4=50X,840428903176,840428902780,
25-6-4=100X,840428903183,840428902797,
25-6-7=25,840428937010,840428936419,
25-6-7=25XX,840428901837,840428901820,
25-6-7=50XX,840428901851,840428901844,
25-6-7=100XX,840428901875,840428901868,
26-3-1=50,810097208056,810097200234,
26-3-1=100,810097208049,810097200043,
26-3-1=25XX,840428901899,840428901882,
26-3-1=50XX,840428901912,840428901905,
26-3-1=100XX,840428901936,840428901929,
26-3-2=25,810097208070,810097202269,
26-3-2=50,810097208087,810097200258,
26-3-2=100,810097208094,810097208063,
26-3-2=25XX,840428901950,840428901943,
26-3-2=50XX,840428901974,840428901967,
26-3-2=100XX,840428901998,840428901981,
26-3-3=100,810097208117,810097208131,
26-3-3=25XX,840428902018,840428902001,
26-3-3=50XX,840428902032,840428902025,
26-3-3=100XX,840428902056,840428902049,
25-6-5=25XX,840428902070,840428902063,
25-6-5=50XX,840428902094,840428902087,
25-6-5=100XX,840428902117,840428902100,
24-3-2=10X,840428931261,840428931254,
24-3-2=2,00810097209671,00810097209695,
24-3-2=5,00810097209664,00810097209688,
24-3-2=10,810097202771,810097204867,
24-3-2=2XX,840428907853,840428907440,
24-3-2=5XX,840428907860,840428907457,
24-3-2=10XX,840428907877,840428907464,
30-1-9=10,810097203594,810097206182,
30-1-9=2XX,840428907884,840428907471,
30-1-9=5XX,840428907891,840428907488,
30-1-9=10XX,840428907907,840428907495,
24-3-1=10,810097202788,810097204874,
24-3-1=2XX,840428907822,840428907419,
24-3-1=5XX,840428907839,840428907426,
24-3-1=10XX,840428907846,840428907433,
30-1-8=10,810139937395,810139937401,
30-1-8=2XX,840428907914,840428907501,
30-1-8=5XX,840428907921,840428907518,
30-1-8=10XX,840428907938,840428907525,
25-5-5=10,810097202795,810097206380,
25-5-5=5XX,840428931339,840428931308,
25-5-5=10XX,840428931346,840428931315,
25-5-5=25XX,840428931353,840428931322,
23-3-4=50,810097204126,810097204898,
23-3-4=100,810097204133,810097204904,
23-3-4=5XX,840428913434,840428913373,
23-3-4=10XX,840428913441,840428913380,
23-3-4=25XX,840428913458,840428913397,
23-2-4=10,810097202818,810097204911,
23-2-4=25,810097204140,810097204928,
23-2-4=5XX,840428907945,840428907976,
23-2-4=10XX,840428907952,840428907983,
23-2-4=25XX,840428907969,840428907990,
26-6-3=5XX,840428908003,840428908034,
26-6-3=10XX,840428908010,840428908041,
26-6-3=25XX,840428908027,840428908058,
23-1-4=10,810097202825,810097206199,
23-1-4=5XX,840428913496,840428913465,
23-1-4=10XX,840428913502,840428913472,
23-1-4=25XX,840428913519,840428913489,
25-6-8=10,810097208148,810097208155,
25-6-8=5XX,840428908065,840428908096,
25-6-8=10XX,840428908072,840428908102,
25-6-8=25XX,840428908089,840428908119,
26-4-7=10,00840428941383,00840428941376,
26-4-7=5XX,840428913670,840428913526,
26-4-7=10XX,840428913687,840428913533,
26-4-7=25XX,840428913694,840428913540,
26-4-8=5XX,840428913700,840428913557,
26-4-8=10XX,840428913717,840428913564,
26-4-8=25XX,840428913724,840428913571,
26-6-2=5,840428936815,840428936211,
26-6-2=10,810097208162,810097208179,
26-6-2=5XX,840428913731,840428913588,
26-6-2=10XX,840428913748,840428913595,
26-6-2=25XX,840428913755,840428913601,
26-6-1=5XX,840428913762,840428913618,
26-6-1=10XX,840428913779,840428913625,
26-6-1=25XX,840428913786,840428913632,
31-2-2=10,810097202849,810097204935,
31-2-2=2XX,840428913793,840428913649,
31-2-2=5XX,840428913809,840428913656,
31-2-2=10XX,840428913816,840428913663,
30-2-3=2,840428937171,840428936570,
30-2-3=10,810097202856,810097204942,
30-2-3=2XX,840428908126,840428908157,
30-2-3=5XX,840428908133,840428908164,
30-2-3=10XX,840428908140,840428908171,
30-2-2=10,810097202863,810097204959,
30-2-2=10X,840428937140,840428936549,
30-2-2=2XX,840428908188,840428908218,
30-2-2=5XX,840428908195,840428908225,
30-2-2=10XX,840428908201,840428908232,
30-2-1=10,810097202870,810097204966,
30-2-1=2XX,840428908249,840428908270,
30-2-1=5XX,840428908256,840428908287,
30-2-1=10XX,840428908263,840428908294,
3-3-1=2,810097202887,810097204973,
3-3-1=10,810097204157,810097204980,
3-3-1=2XX,840428932404,840428932374,
3-3-1=5XX,840428932411,840428932381,
3-3-2=2,810097202894,810097204997,
3-3-2=10,810097204164,810097205000,
3-3-2=5XX,840428932473,840428932442,
30-2-8=10,810097202900,810097205017,
30-2-8=2X,810139938835,810139938798,
30-2-8=5X,810139938842,810139938804,
30-2-8=10X,810139938859,810139938811,
30-2-8=25X,810139938866,810139938828,
30-2-5=10,810097202917,810097205048,
30-2-5=25,840428936709,840428936105,
30-2-5=2X,810139938910,810139938873,
30-2-5=5X,810139938927,810139938880,
30-2-5=10X,810139938934,810139938897,
30-2-5=25X,810139938941,810139938903,
30-5-9=2X,810139939238,810139939191,
30-5-9=5X,810139939245,810139939207,
30-5-9=10X,810139939252,810139939214,
30-5-9=25X,810139939269,810139939221,
30-5-8=1,840428936945,840428936341,
30-5-8=10,810097208223,810097208230,
30-5-8=2X,810139939153,810139939115,
30-5-8=5X,810139939160,810139939122,
30-5-8=10X,810139939177,810139939139,
30-5-8=25X,810139939184,810139939146,
30-2-6=2X,810139939078,810139939030,
30-2-6=5X,810139939085,810139939047,
30-2-6=10X,810139939092,810139939054,
30-2-6=25X,810139939108,810139939061,
30-2-7=10,810097202924,810097205055,
30-2-7=2X,810139938996,810139938958,
30-2-7=5X,810139939009,810139938965,
30-2-7=10X,810139939016,810139938972,
30-2-7=25X,810139939023,810139938989,
23-3-7=10,810097202931,810097205062,
23-3-7=25,810097204171,810097205079,
23-3-7=5X,840428903220,840428902834,
23-3-7=10X,840428903237,840428902841,
23-3-7=25X,840428903244,840428902858,
23-2-7=5X,840428903251,840428902865,
23-2-7=10X,840428903268,840428902872,
23-2-7=25X,840428903275,840428902889,
23-1-7=5X,840428903282,840428902896,
23-1-7=10X,840428903299,840428902902,
23-1-7=25X,840428903305,840428902919,
23-3-8=5X,840428903312,840428902926,
23-3-8=10X,840428903329,840428902933,
23-3-8=25X,840428903336,840428902940,
23-3-6=10,810097202948,810097205086,
23-3-6=25,810097204188,810097205093,
23-3-6=5X,840428903343,840428902957,
23-3-6=10X,840428903350,840428902964,
23-3-6=25X,840428903367,840428902971,
23-2-6=10,810097202955,810097206403,
23-2-6=5X,840428903374,840428902988,
23-2-6=10X,840428903381,840428902995,
23-2-6=25X,840428903398,840428903008,
23-1-6=5X,840428903404,840428903015,
23-1-6=10X,840428903411,840428903022,
23-1-6=25X,840428903428,840428903039,
23-2-8=5X,840428903435,840428903046,
23-2-8=10X,840428903442,840428903053,
23-2-8=25X,840428903459,840428903060,
25-3-5=5X,840428903886,840428903701,
25-3-5=10X,840428903893,840428903718,
25-3-5=25X,840428903909,840428903725,
25-3-6=5X,840428903916,840428903732,
25-3-6=10X,840428903923,840428903749,
25-3-6=25X,840428903930,840428903756,
25-3-7=5X,840428903947,840428903763,
25-3-7=10X,840428903954,840428903770,
25-3-7=25X,840428903961,840428903787,
25-3-8=5X,840428903978,840428903794,
25-3-8=10X,840428903985,840428903800,
25-3-8=25X,840428903992,840428903817,
31-3-3=1,810139932420,810139932437,
31-3-3=2,810097208254,810097201415,
31-3-3=10,810097208261,810097208247,
31-3-3=5X,840428902292,840428902285,
31-3-3=10X,840428902315,840428902308,
31-3-3=25X,840428902339,840428902322,
31-3-3=100X,840428902353,840428902346,
25-2-1=10,810097208278,810097208285,
25-2-1=5X,840428902131,840428902124,
25-2-1=10X,840428902155,840428902148,
25-2-1=25X,840428902179,840428902162,
25-2-1=100X,840428902193,840428902186,
25-2-2=2,840428937157,840428936556,
25-2-2=10,810139932444,810139932451,
25-2-2=10XX,840428942113,840428942106,
25-2-2=5X,840428902216,840428902209,
25-2-2=10X,840428902230,840428902223,
25-2-2=25X,840428902254,840428902247,
25-2-2=100X,840428902278,840428902261,
31-4-2=10,810097202962,810097206410,
31-3-2=5X,840428902377,840428902360,
31-3-2=10X,840428902391,840428902384,
31-3-2=25X,840428902414,840428902407,
31-3-2=100X,840428902438,840428902421,
31-5-2=5X,840428902452,840428902445,
31-5-2=10X,840428902476,840428902469,
31-5-2=25X,840428902490,840428902483,
31-5-2=100X,840428902599,840428902506,
31-5-1=5X,840428902605,840428902513,
31-5-1=10X,840428902612,840428902520,
31-5-1=25X,840428902629,840428902537,
31-5-1=100X,840428902636,840428902544,
24-3-8=2XX,840428932527,840428932497,
24-3-8=5XX,840428932534,840428932503,
24-3-8=10XX,840428932541,840428932510,
25-5-7=10,810139932468,810139932475,
25-5-7=5X,810139934219,810139934240,
25-5-7=10X,810139934226,810139934257,
25-5-7=25X,810139934233,810139934264,
23-3-3=10,00840428941413,00840428941406,
23-3-3=100,00840428941437,00840428941420,
23-3-3=5X,810139934271,810139934318,
23-3-3=10X,810139934288,810139934325,
23-3-3=25X,810139934295,810139934332,
23-3-3=100X,810139934301,810139934349,
23-2-3=5,810097208292,810097208308,
23-2-3=10,810097202979,810097205109,
23-2-3=25,810097204195,810097205116,
23-2-3=5X,810139934356,810139934394,
23-2-3=10X,810139934363,810139934400,
23-2-3=25X,810139934370,810139934417,
23-2-3=100X,810139934387,810139934424,
23-1-3=10,810097204201,810097205130,
23-1-3=2X,810139934493,810139934530,
23-1-3=5X,810139934509,810139934547,
23-1-3=10X,810139934516,810139934554,
23-1-3=25X,810139934523,810139934561,
25-6-2=5X,810139934431,810139934462,
25-6-2=10X,810139934448,810139934479,
25-6-2=25X,810139934455,810139934486,
25-5-1=10,810097202993,810097206427,
25-5-1=5X,810139934578,810139934608,
25-5-1=10X,810139934585,810139934615,
25-5-1=25X,810139934592,810139934622,
26-6-4=5X,810139934639,810139934660,
26-6-4=10X,810139934646,810139934677,
26-6-4=25X,810139934653,810139934684,
25-5-3=5X,810139934691,810139934721,
25-5-3=10X,810139934707,810139934738,
25-5-3=25X,810139934714,810139934745,
25-5-2=5X,810139934752,810139934783,
25-5-2=10X,810139934769,810139934790,
25-5-2=25X,810139934776,810139934806,
25-1-1=5,810097203006,810097205147,
25-1-1=10,810097204218,810097205154,
25-1-1=25,810097204225,810097205161,
25-1-1=25XX,810097208315,810097208322,
25-1-1=5X,810139934813,810139934851,
25-1-1=10X,810139934820,810139934868,
25-1-1=25X,810139934837,810139934875,
25-1-1=100X,810139934844,810139934882,
25-1-3=5,810097203013,810097205178,
25-1-3=10,810097204232,810097205185,
25-1-3=25,810097204249,810097205192,
25-1-3=5X,810139934899,810139934936,
25-1-3=10X,810139934905,810139934943,
25-1-3=25X,810139934912,810139934950,
25-1-3=100X,810139934929,810139934967,
25-1-2=5,810097203020,810097205208,
25-1-2=10,810097204256,810097205215,
25-1-2=25,810097204263,810097205222,
25-1-2=5X,810139934974,810139935018,
25-1-2=10X,810139934981,810139935025,
25-1-2=25X,810139934998,810139935032,
25-1-2=100X,810139935001,810139935049,
25-1-4=5,810097203037,810097205239,
25-1-4=10,810097204270,810097205246,
25-1-4=25,810097204287,810097205253,
25-1-4=5X,810139935056,810139935094,
25-1-4=10X,810139935063,810139935100,
25-1-4=25X,810139935070,810139935117,
25-1-4=100X,810139935087,810139935124,
25-1-7=2X,810139935179,810139935216,
25-1-7=5X,810139935186,810139935223,
25-1-7=10X,810139935193,810139935230,
25-1-7=25X,810139935209,810139935247,
25-1-8=2X,810139935254,810139935292,
25-1-8=5X,810139935261,810139935308,
25-1-8=10X,810139935278,810139935315,
25-1-8=25X,810139935285,810139935322,
25-1-6=2X,810139935339,810139935377,
25-1-6=5X,810139935346,810139935384,
25-1-6=10X,810139935353,810139935391,
25-1-6=25X,810139935360,810139935407,
25-1-5=10,810097208339,810097208346,
25-1-5=2X,810139935414,810139935452,
25-1-5=5X,810139935421,810139935469,
25-1-5=10X,810139935438,810139935476,
25-1-5=25X,810139935445,810139935483,
24-4-8=2X,810139932697,810139932734,
24-4-8=5X,810139932703,810139932741,
24-4-8=10X,810139932710,810139932758,
24-4-8=25X,810139932727,810139932765,
24-4-4=2X,810139932772,810139932819,
24-4-4=5X,810139932789,810139932826,
24-4-4=10X,810139932796,810139932833,
24-4-4=25X,810139932802,810139932840,
24-4-4=2,840428937072,840428936471,
24-4-4=5,810097203044,810097205260,
24-4-4=10,810097204294,810097205277,
24-4-5=2X,810139932857,810139932895,
24-4-5=5X,810139932864,810139932901,
24-4-5=10X,810139932871,810139932918,
24-4-5=25X,810139932888,810139932925,
24-4-6=2X,810139932932,810139932970,
24-4-6=5X,810139932949,810139932987,
24-4-6=10X,810139932956,810139932994,
24-4-6=25X,810139932963,810139933007,
24-4-6=10,810097208360,810097208384,
24-4-7=2,840428936679,840428936075,
24-4-7=2X,810139933014,810139933052,
24-4-7=5X,810139933021,810139933069,
24-4-7=10X,810139933038,810139933076,
24-4-7=25X,810139933045,810139933083,
24-4-1=2X,810139933090,810139933137,
24-4-1=5X,810139933106,810139933144,
24-4-1=10X,810139933113,810139933151,
24-4-1=25X,810139933120,810139933168,
24-4-2=2X,810139933175,810139933212,
24-4-2=5X,810139933182,810139933229,
24-4-2=10X,810139933199,810139933236,
24-4-2=25X,810139933205,810139933243,
24-4-2=5,810097203068,810097205321,
24-4-3=2X,810139933250,810139933298,
24-4-3=5X,810139933267,810139933304,
24-4-3=10X,810139933274,810139933311,
24-4-3=25X,810139933281,810139933328,
24-4-3=1,840428937119,840428936518,
24-4-3=5,840428908300,840428908317,
24-4-3=25,840428936723,840428936129,
23-4-1=2X,810139933335,810139933373,
23-4-1=5X,810139933342,810139933380,
23-4-1=10X,810139933359,810139933397,
23-4-1=25X,810139933366,810139933403,
23-4-1=10,810139932505,810139932536,
23-4-1=25,810139932512,810139932543,
23-4-2=2X,810139933410,810139933458,
23-4-2=5X,810139933427,810139933465,
23-4-2=10X,810139933434,810139933472,
23-4-2=25X,810139933441,810139933489,
23-4-2=2,810139935971,810139935988,
23-4-2=5,810097208391,810097208421,
23-4-2=10,810097208407,810097208438,
23-4-2=25,810097208414,810097208445,
23-4-3=2X,810139933496,810139933533,
23-4-3=5X,810139933502,810139933540,
23-4-3=10X,810139933519,810139933557,
23-4-3=25X,810139933526,810139933564,
23-4-3=10,810097203082,810097205383,
23-4-6=2,840428936747,840428936143,
23-4-6=2X,810139933571,810139933618,
23-4-6=5X,810139933588,810139933625,
23-4-6=10X,810139933595,810139933632,
23-4-6=25X,810139933601,810139933649,
23-4-7=2X,810139933656,810139933694,
23-4-7=5X,810139933663,810139933700,
23-4-7=10X,810139933670,810139933717,
23-4-7=25X,810139933687,810139933724,
23-4-7=1,840428936990,840428936396,
23-4-7=2,810097208490,810097208520,
23-4-7=5,810097208506,810097208537,
23-4-8=2X,810139933731,810139933779,
23-4-8=5X,810139933748,810139933786,
23-4-8=10X,810139933755,810139933793,
23-4-8=25X,810139933762,810139933809,
23-4-5=2X,810139933816,810139933854,
23-4-5=5X,810139933823,810139933861,
23-4-5=10X,810139933830,810139933878,
23-4-5=25X,810139933847,810139933885,
23-4-5=2,810139932550,810139932574,
23-4-5=10,810139932567,810139932581,
23-4-4=2X,810139933892,810139933939,
23-4-4=5X,810139933908,810139933946,
23-4-4=10X,810139933915,810139933953,
23-4-4=25X,810139933922,810139933960,
25-5-8=5,840428937089,840428936488,
25-5-8=5X,840428904470,840428904098,
25-5-8=10X,840428904487,840428904104,
25-5-8=25X,840428904494,840428904111,
23-3-2=100,840428944711,840428944704,
23-3-2=5X,840428904500,840428904128,
23-3-2=10X,840428904517,840428904135,
23-3-2=25X,840428904524,840428904142,
23-2-2=10,810097203105,810097205390,
23-2-2=25,810097204379,810097205406,
23-2-2=5X,840428904531,840428904159,
23-2-2=10X,840428904548,840428904166,
23-2-2=25X,840428904555,840428904173,
25-6-1=5X,840428904562,840428904180,
25-6-1=10X,840428904579,840428904197,
25-6-1=25X,840428904586,840428904203,
23-1-2=2,810097208605,810097201736,
23-1-2=5,810097208612,810097208599,
23-1-2=25,810139937579,810139937586,
23-1-2=5X,840428904593,840428904210,
23-1-2=10X,840428904609,840428904227,
23-1-2=25X,840428904616,840428904234,
25-5-4=5X,840428904449,840428904067,
25-5-4=10X,840428904456,840428904074,
25-5-4=25X,840428904463,840428904081,
25-4-7=10,810097203112,810097206441,
25-4-7=5X,840428904036,840428903855,
25-4-7=10X,840428904043,840428903862,
25-4-7=25X,840428904050,840428903879,
25-4-8=2,840428937065,840428936464,
25-4-8=10,810097203129,810097205413,
25-4-8=5X,840428904005,840428903824,
25-4-8=10X,840428904012,840428903831,
25-4-8=25X,840428904029,840428903848,
26-6-5=10,810139932598,810139932604,
26-6-5=2X,840428901752,840428901745,
26-6-5=5X,840428901776,840428901769,
26-6-5=10X,840428901790,840428901783,
26-6-5=25X,840428901813,840428901806,
25-4-3=5,840428937133,840428936532,
25-4-3=10,810139935995,810139936008,
25-4-3=2X,840428901707,840428901660,
25-4-3=5X,840428901714,840428901677,
25-4-3=10X,840428901721,840428901684,
25-4-3=25X,840428901738,840428901691,
25-4-1=2,810097208629,810097208643,
25-4-1=2X,840428901462,840428901424,
25-4-1=5X,840428901479,840428901431,
25-4-1=10X,840428901486,840428901448,
25-4-1=25X,840428901493,840428901455,
25-4-2=1,840428937041,840428936440,
25-4-2=2,840428936983,840428936389,
25-4-2=5,810097203075,810097205352,
25-4-2=10,810097204355,810097205369,
25-4-2=25,810097204362,810097205376,
25-4-2=2X,840428901547,840428901509,
25-4-2=5X,840428901554,840428901516,
25-4-2=10X,840428901561,840428901523,
25-4-2=25X,840428901578,840428901530,
26-6-7=2X,840428901622,840428901585,
26-6-7=5X,840428901639,840428901592,
26-6-7=10X,840428901646,840428901608,
26-6-7=25X,840428901653,840428901615,
25-4-4=2X,840428901011,840428900960,
25-4-4=5X,840428901028,840428900977,
25-4-4=10X,840428900991,840428900984,
25-4-4=25X,840428901035,840428901004,
25-4-5=2X,840428901080,840428901042,
25-4-5=5X,840428901097,840428901059,
25-4-5=10X,840428901103,840428901066,
25-4-5=25X,840428901110,840428901073,
26-6-8=2,840428901226,840428901189,
26-6-8=5,840428901233,840428901196,
26-6-8=10,840428901240,840428901202,
26-6-8=25,840428901257,840428901219,
25-4-6=2,840428901301,840428901264,
25-4-6=5,840428901318,840428901271,
25-4-6=10,840428901325,840428901288,
25-4-6=25,840428901332,840428901295,
26-4-6=2,840428901387,840428901349,
26-4-6=5,840428901394,840428901356,
26-4-6=10,840428901400,840428901363,
26-4-6=25,840428901417,840428901370,
25-5-6=10,810097203136,810097206458,
25-5-6=5X,840428905187,840428904821,
25-5-6=10X,840428905194,840428904838,
25-5-6=25X,840428905200,840428904845,
25-5-6=50X,840428905217,840428904852,
23-3-5=5,810097203143,810097205420,
23-3-5=10,810097204386,810097205437,
23-3-5=25,810097204393,810097205444,
23-3-5=5X,840428905224,840428904869,
23-3-5=10X,840428905231,840428904876,
23-3-5=25X,840428905248,840428904883,
23-3-5=50X,840428905255,840428904890,
23-2-5=5,810097203150,810097205451,
23-2-5=10,810097204409,810097205468,
23-2-5=25,810097204416,810097205475,
23-2-5=5X,840428905262,840428904906,
23-2-5=10X,840428905279,840428904913,
23-2-5=25X,840428905286,840428904920,
23-2-5=50X,840428905293,840428904937,
25-6-3=5X,840428905309,840428904944,
25-6-3=10X,840428905316,840428904951,
25-6-3=25X,840428905323,840428904968,
25-6-3=50X,840428905330,840428904975,
23-1-5=10,810139936015,810139936022,
23-1-5=5X,840428905347,840428904982,
23-1-5=10X,840428905354,840428904999,
23-1-5=25X,840428905361,840428905002,
23-1-5=50X,840428905378,840428905019,
25-2-8=2X,840428900526,840428900489,
25-2-8=5X,840428900533,840428900496,
25-2-8=10X,840428900540,840428900502,
25-2-8=25X,840428900557,840428900519,
25-2-3=1,840428937102,840428936501,
25-2-3=10,810097204430,810097205505,
25-2-3=2X,840428900601,840428900564,
25-2-3=5X,840428900618,840428900571,
25-2-3=10X,840428900625,840428900588,
25-2-3=25X,840428900632,840428900595,
25-2-4=10,810097204447,810097205529,
25-2-4=2X,840428900687,840428900649,
25-2-4=5X,840428900694,840428900656,
25-2-4=10X,840428900700,840428900663,
25-2-4=25X,840428900717,840428900670,
26-3-8=2X,840428901158,840428901127,
26-3-8=5X,840428901165,840428901134,
26-3-8=10X,840428901172,840428901141,
25-2-7=2X,840428900762,840428900724,
25-2-7=5X,840428900779,840428900731,
25-2-7=10X,840428900786,840428900748,
25-2-7=25X,840428900793,840428900755,
25-2-6=1,840428937034,840428936433,
25-2-6=2X,840428900922,840428900885,
25-2-6=5X,840428900939,840428900892,
25-2-6=10X,840428900946,840428900908,
25-2-6=25X,840428900953,840428900915,
25-2-5=2X,840428900847,840428900809,
25-2-5=5X,840428900854,840428900816,
25-2-5=10X,840428900861,840428900823,
25-2-5=25X,840428900878,840428900830,
26-2-1=1X,810139936176,810139936183,
26-2-1=10X,840428936761,840428936167,
26-2-1=1,810097203198,810097205536,
26-2-1=2,810097209404,810097209435,
26-2-1=5,810097209411,810097209442,
26-2-1=10,810097209428,810097209459,
26-2-2=1X,840428936594,840428935993,
26-2-2=5X,840428936822,840428936228,
26-2-2=1,810097203204,810097205543,
26-2-2=2,810097209855,810097209886,
26-2-2=5,810097209862,810097209893,
26-2-2=10,810097209879,810097209909,
26-2-2=10XX,840428942212,840428942205,
26-2-3=1,810097208667,810097208674,
26-2-3=2,810097209916,810097209947,
26-2-3=5,810097209923,810097209954,
26-2-3=10,810097209930,810097209961,
26-2-4=1,810097209978,810097201231,
26-2-4=2,810097209985,810097201248,
26-2-4=5,810097209992,810097201255,
26-2-4=10,810097201224,810097201262,
29-3-1=5,810097203211,810097205550,
29-3-1=2XX,840428913168,840428913045,
29-3-1=5XX,840428913175,840428913052,
29-3-1=10XX,840428913182,840428913069,
29-3-1=10,810097204454,810097205567,
29-2-1=10,810097204461,810097205581,
29-2-1=2XX,840428913137,840428913106,
29-2-1=5XX,840428913144,840428913113,
29-2-1=10XX,840428913151,840428913120,
29-1-1=1,840428942151,840428942144,
29-1-1=5,840428942014,840428942007,
29-1-1=1XX,840428908324,840428908355,
29-1-1=2XX,840428908331,840428908362,
29-1-1=5XX,840428908348,840428908379,
29-5-1=2XX,840428914639,840428913946,
29-5-1=5XX,840428914646,840428913953,
29-5-1=10XX,840428914653,840428913960,
29-5-3=2XX,840428914721,840428914035,
29-5-3=5XX,840428914738,840428914042,
29-5-3=10XX,840428914745,840428914059,
29-5-2=2XX,840428914660,840428913977,
29-5-2=5XX,840428914677,840428913984,
29-5-2=10XX,840428914684,840428913991,
29-5-4=2XX,840428914752,840428914066,
29-5-4=5XX,840428914769,840428914073,
29-5-4=10XX,840428914776,840428914080,
29-5-1&2=10X,840428942052,840428942045,
29-5-1&2=2,810097203235,810097205598,
29-5-1&2=4,810097209732,810097209749,
29-5-1&2=10,810097204478,810097205604,
29-5-1&2=2X,810097203167,810097206465,
29-5-3&4=2,810097203242,810097205611,
29-5-3&4=4,810097209718,810097209725,
29-5-3&4=10,810097204485,810097205628,
29-5-3&4=2X,840428941550,840428941543,
29-5-3&4=10X,840428941574,840428941567,
201-3-12=2XX,840428914783,840428914097,
201-3-12=5XX,840428914790,840428914103,
201-3-12=10XX,840428914806,840428914110,
201-3-12=1,810097208681,810097201965,
201-3-12=2,810097208698,810097201972,
201-3-12=10,810097203259,810097205635,
201-3-13=1,840428936921,840428936327,
201-3-13=5,810097208728,810097202184,
201-3-13=2XX,840428914813,840428914127,
201-3-13=5XX,840428914820,840428914134,
201-3-13=10XX,840428914837,840428914141,
201-3-13=10,810097208711,810097208704,
201-3-9=10,810097203266,810097205642,
201-3-9=10X,00840428942618,00840428942601,
201-3-9=2XX,840428914844,840428914158,
201-3-9=5XX,840428914851,840428914165,
201-3-9=10XX,840428914868,840428914172,
201-3-10=10,810097203273,810097205659,
201-3-10=2XX,840428914875,840428914189,
201-3-10=5XX,840428914882,840428914196,
201-3-10=10XX,840428914899,840428914202,
201-3-11=1,00840428932305,00840428932282,
201-3-11=5,00840428932312,00840428932299,
201-3-11=1XX,840428914905,840428914219,
201-3-11=2XX,840428914912,840428914226,
201-3-11=5XX,840428914929,840428914233,
201-3-11=10XX,840428914936,840428914240,
201-4-14=2XX,840428908386,840428908416,
201-4-14=5XX,840428908393,840428908423,
201-4-14=10XX,840428908409,840428908430,
201-4-13=2XX,840428913281,840428913199,
201-4-13=5XX,840428913298,840428913205,
201-4-13=10XX,840428913304,840428913212,
201-4-9=1,840428936938,840428936334,
201-4-9=2XX,840428914943,840428914257,
201-4-9=5XX,840428914950,840428914264,
201-4-9=10XX,840428914967,840428914271,
201-4-10=1,840428936839,840428936235,
201-4-10=2,810139937616,810139937623,
201-4-10=2XX,840428914974,840428914288,
201-4-10=5XX,840428914981,840428914295,
201-4-10=10XX,840428914998,840428914301,
201-4-11=5,810097208735,810097208759,
201-4-11=10,810097208742,810097208766,
201-4-11=2XX,840428915001,840428914318,
201-4-11=5XX,840428915018,840428914325,
201-4-11=10XX,840428915025,840428914332,
201-4-12=2XX,840428915032,840428914349,
201-4-12=5XX,840428915049,840428914356,
201-4-12=10XX,840428915056,840428914363,
201-4-12=1,840428936716,840428936112,
201-3-3=10,810097203280,810097205666,
201-3-3=2XX,840428915063,840428914370,
201-3-3=5XX,840428915070,840428914387,
201-3-3=10XX,840428915087,840428914394,
201-3-5=2XX,840428915124,840428914431,
201-3-5=5XX,840428915131,840428914448,
201-3-5=10XX,840428915148,840428914455,
201-3-7=1XX,840428915223,840428914530,
201-3-7=2XX,840428915230,840428914547,
201-3-7=5XX,840428915247,840428914554,
201-3-7=10XX,840428915254,840428914561,
201-3-4=10,840428942236,840428942229,
201-3-4=2XX,840428915094,840428914400,
201-3-4=5XX,840428915100,840428914417,
201-3-4=10XX,840428915117,840428914424,
201-3-6=2XX,840428915155,840428914462,
201-3-6=5XX,840428915162,840428914479,
201-3-6=10XX,840428915179,840428914486,
201-3-8=1XX,840428915186,840428914493,
201-3-8=2XX,840428915193,840428914509,
201-3-8=5XX,840428915209,840428914516,
201-3-8=10XX,840428915216,840428914523,
31-5-3=5X,840428902643,840428902551,
31-5-3=10X,840428902650,840428902568,
31-5-3=25X,840428902667,840428902575,
31-5-3=100X,840428902674,840428902582,
29-3-7=2XX,840428916169,840428913403,
29-3-7=5XX,840428916176,840428913410,
29-3-7=10XX,840428916183,840428913427,
29-3-7=10X,840428942175,840428942168,
29-3-7=2,810097203297,810097205680,
29-3-7=5,810097204508,810097205697,
29-3-7=10,810097204515,810097205703,
29-3-7=25,810097204522,810097205710,
29-2-7=10,810097203303,810097205727,
29-2-7=2XX,840428916190,840428915261,
29-2-7=5XX,840428916206,840428915278,
29-2-7=10XX,840428916213,840428915285,
29-2-7=25,810097204539,810097205734,
29-1-7=1XX,840428916220,840428915292,
29-1-7=2XX,840428916237,840428915308,
29-1-7=5XX,840428916244,840428915315,
29-1-7=10XX,840428916251,840428915322,
29-4-2=2XX,840428916268,840428915339,
29-4-2=5XX,840428916275,840428915346,
29-4-2=10XX,840428916282,840428915353,
29-4-2=10,810139932635,810139932642,
29-4-1=2XX,840428916299,840428915360,
29-4-1=5XX,840428916305,840428915377,
29-4-1=10XX,840428916312,840428915384,
29-4-3=2XX,840428916329,840428915391,
29-4-3=5XX,840428916336,840428915407,
29-4-3=10XX,840428916343,840428915414,
29-4-4=1,840428936976,840428936372,
29-4-4=2XX,840428916350,840428915421,
29-4-4=5XX,840428916367,840428915438,
29-4-4=10XX,840428916374,840428915445,
29-3-6=10,810097203310,810097205741,
29-3-6=2XX,840428916381,840428915452,
29-3-6=5XX,840428916398,840428915469,
29-3-6=10XX,840428916404,840428915476,
29-2-6=1,840428937058,840428936457,
29-2-6=2,810097203327,810097205765,
29-2-6=5,810097204553,810097205772,
29-2-6=10,810097204560,810097205789,
29-2-6=2XX,840428916411,840428915483,
29-2-6=5XX,840428916428,840428915490,
29-2-6=10XX,840428916435,840428915506,
29-2-6=25,810097204577,810097205796,
29-1-6=5,840428942038,840428942021,
29-1-6=1XX,840428916442,840428915513,
29-1-6=2XX,840428916459,840428915520,
29-1-6=5XX,840428916466,840428915537,
29-1-6=10,810097204546,810097205758,
29-1-6=10XX,840428916473,840428915544,
29-4-8=2XX,840428916480,840428915551,
29-4-8=5XX,840428916497,840428915568,
29-4-8=10XX,840428916503,840428915575,
29-4-7=2XX,840428916510,840428915582,
29-4-7=5XX,840428916527,840428915599,
29-4-7=10XX,840428916534,840428915605,
29-4-5=2XX,840428916541,840428915612,
29-4-5=5XX,840428916558,840428915629,
29-4-5=10XX,840428916565,840428915636,
29-4-6=2XX,840428916572,840428915643,
29-4-6=5XX,840428916589,840428915650,
29-4-6=10XX,840428916596,840428915667,
30-3-5=25,840428936662,840428936068,30-3-5=25-
30-3-5=10,810097203334,810097205802,
30-3-5=2X,810139938514,810139938477,
30-3-5=5X,810139938538,810139938484,
30-3-5=10X,810139938521,810139938491,
30-3-5=25X,810139938545,810139938507,
30-3-6=2X,810139938590,810139938552,
30-3-6=5X,810139938606,810139938569,
30-3-6=10X,810139938613,810139938576,
30-3-6=25X,810139938620,810139938583,
30-5-7=2X,810139938750,810139938712,
30-5-7=5X,810139938767,810139938729,
30-5-7=10X,810139938774,810139938736,
30-5-7=25X,810139938781,810139938743,
30-5-6=10,810097208810,810097208827,
30-5-6=2X,810139938675,810139938637,
30-5-6=5X,810139938682,810139938644,
30-5-6=10X,810139938699,810139938651,
30-5-6=25X,810139938705,810139938668,
30-3-8=1,810097200449,,
30-3-8=1X,810139938279,810139938323,
30-3-8=2X,810139938330,810139938286,
30-3-8=5X,810139938347,810139938293,
30-3-8=10X,810139938354,810139938309,
30-3-8=25X,810139938361,810139938316,
30-3-8=25XX,810097209282,810097209336,
30-3-8=2N,810097209275,810097200456,
30-3-8=2,810097203341,810097205826,
30-3-8=5,810097209251,810097209268,
30-3-8=10,810097204591,810097205833,
30-3-8=25,810097209244,810097202191,
30-3-7=2X,810139938439,810139938385,
30-3-7=5X,810139938446,810139938392,
30-3-7=10X,810139938453,810139938408,
30-3-7=25X,810139938460,810139938415,
30-3-7=2,810097209299,810097209343,
29-3-3=10,00840428942632,00840428942625,
29-3-3=2XX,840428916602,840428915674,
29-3-3=5XX,840428916619,840428915681,
29-3-3=10XX,840428916626,840428915698,
29-2-3=2XX,840428916633,840428915704,
29-2-3=5XX,840428916640,840428915711,
29-2-3=10XX,840428916657,840428915728,
29-1-3=1XX,840428916664,840428915735,
29-1-3=2XX,840428916671,840428915742,
29-1-3=5XX,840428916688,840428915759,
29-1-3=10XX,840428916695,840428915766,
201-1-7=2XX,840428916701,840428915773,
201-1-7=5XX,840428916718,840428915780,
201-1-7=10XX,840428916725,840428915797,
201-1-5=2XX,840428917814,840428915803,
201-1-5=5XX,840428917821,840428915810,
201-1-5=10XX,840428917838,840428915827,
201-1-4=10,840428941970,840428941963,
201-1-4=2XX,840428917845,840428915834,
201-1-4=5XX,840428917852,840428915841,
201-1-4=10XX,840428917869,840428915858,
201-1-6=2XX,840428917876,840428915865,
201-1-6=5XX,840428917883,840428915872,
201-1-6=10XX,840428917890,840428915889,
201-1-8=1XX,840428917906,840428915896,
201-1-8=2XX,840428917913,840428915902,
201-1-8=5XX,840428917920,840428915919,
201-1-8=10XX,840428917937,840428915926,
29-6-1=2XX,840428917944,840428915933,
29-6-1=5XX,840428917951,840428915940,
29-6-1=10XX,840428917968,840428915957,
29-6-2=2XX,840428917975,840428915964,
29-6-2=5XX,840428917982,840428915971,
29-6-2=10XX,840428917999,840428915988,
29-6-3=2XX,840428918002,840428915995,
29-6-3=5XX,840428918019,840428916008,
29-6-3=10XX,840428918026,840428916015,
29-6-4=1XX,840428918033,840428916022,
29-6-4=2XX,840428918040,840428916039,
29-6-4=5XX,840428918057,840428916046,
29-6-4=10XX,840428918064,840428916053,
29-3-4=10X,00840428942656,00840428942649,
29-3-4=2XX,840428918071,840428916060,
29-3-4=5XX,840428918088,840428916077,
29-3-4=10XX,840428918095,840428916084,
29-2-4=2XX,840428918101,840428916091,
29-2-4=5XX,840428918118,840428916107,
29-2-4=10XX,840428918125,840428916114,
29-2-4=10,810097203051,810097205291,
29-1-4=1XX,840428918132,840428916121,
29-1-4=2XX,840428918149,840428916138,
29-1-4=5XX,840428918156,840428916145,
29-1-4=10XX,840428918163,840428916152,
29-5-5=2XX,840428919054,840428918453,
29-5-5=5XX,840428919061,840428918460,
29-5-5=10XX,840428919078,840428918477,
29-5-6=1XX,840428919085,840428918484,
29-5-6=2XX,840428919092,840428918491,
29-5-6=5XX,840428919108,840428918507,
29-5-6=10XX,840428919115,840428918514,
29-5-6=1,840428936952,840428936358,
29-5-6=10,810139936053,810139936060,
3-4-4=2XX,00840428942694,00840428942663,
3-4-4=5XX,00840428942700,00840428942670,
3-4-4=10XX,00840428942717,00840428942687,
201-3-1=10,810097208834,810097208841,
201-3-1=2XX,840428919122,840428918521,
201-3-1=5XX,840428919139,840428918538,
201-3-1=10XX,840428919146,840428918545,
201-4-4=2XX,840428919153,840428918552,
201-4-4=5XX,840428919160,840428918569,
201-4-4=10XX,840428919177,840428918576,
201-4-4=10,810139937630,810139937647,
201-3-2=2XX,840428919184,840428918583,
201-3-2=5XX,840428919191,840428918590,
201-3-2=10XX,840428919207,840428918606,
201-4-3=2XX,840428919214,840428918613,
201-4-3=5XX,840428919221,840428918620,
201-4-3=10XX,840428919238,840428918637,
201-1-1=5,810097203358,810097205840,
201-1-1=10X,00840428942731,00840428942724,
201-1-1=2XX,840428919245,840428918644,
201-1-1=5XX,840428919252,840428918651,
201-1-1=10XX,840428919269,840428918668,
201-1-1=10,810097204607,810097205857,
201-1-2=5,810097208858,810097208872,
201-1-2=10,810097208865,810097208889,
201-1-2=2XX,840428919276,840428918675,
201-1-2=5XX,840428919283,840428918682,
201-1-2=10XX,840428919290,840428918699,
29-6-8=2XX,840428938208,840428938178,
29-6-8=5XX,840428938215,840428938185,
29-6-8=10XX,840428938222,840428938192,
29-6-7=2XX,840428938260,840428938239,
29-6-7=5XX,840428938277,840428938246,
29-6-7=10XX,840428938284,840428938253,
201-1-3=2XX,840428919306,840428918705,
201-1-3=5XX,840428919313,840428918712,
201-1-3=10XX,840428919320,840428918729,
29-3-5=10,00840428942755,00840428942748,
29-3-5=2XX,840428919337,840428918736,
29-3-5=5XX,840428919344,840428918743,
29-3-5=10XX,840428919351,840428918750,
29-2-5=2XX,840428919368,840428918767,
29-2-5=5XX,840428919375,840428918774,
29-2-5=10XX,840428919382,840428918781,
29-1-5=1XX,840428919399,840428918798,
29-1-5=2XX,840428919405,840428918804,
29-1-5=5XX,840428919412,840428918811,
29-1-5=10XX,840428919429,840428918828,
29-3-2=2XX,840428919436,840428918835,
29-3-2=5XX,840428919443,840428918842,
29-3-2=10XX,840428919450,840428918859,
29-2-2=2XX,840428919467,840428918866,
29-2-2=5XX,840428919474,840428918873,
29-2-2=10XX,840428919481,840428918880,
29-1-2=2,00840428942779,00840428942762,
29-1-2=1XX,840428919498,840428918897,
29-1-2=2XX,840428919504,840428918903,
29-1-2=5XX,840428919511,840428918910,
29-1-2=10XX,840428919528,840428918927,
29-5-7=2XX,840428919535,840428918934,
29-5-7=5XX,840428919542,840428918941,
29-5-7=10XX,840428919559,840428918958,
29-5-8=2XX,840428919566,840428918965,
29-5-8=5XX,840428919573,840428918972,
29-5-8=10XX,840428919580,840428918989,
201-2-5=10X,00840428942793,00840428942786,
201-2-5=2,810097209169,810097201125,
201-2-5=10,810097203365,810097205864,
201-2-5=2XX,840428919597,840428918996,
201-2-5=5XX,840428919603,840428919009,
201-2-5=10XX,840428919610,840428919016,
201-2-6=2XX,840428919627,840428919023,
201-2-6=5XX,840428919634,840428919030,
201-2-6=10XX,840428919641,840428919047,
201-2-6=10,810097203389,810097205888,
201-2-8=10,810097203372,810097205871,
201-2-8=2XX,840428919702,840428919672,
201-2-8=5XX,840428919719,840428919689,
201-2-8=10XX,840428919726,840428919696,
201-2-7=2XX,840428919764,840428919733,
201-2-7=5XX,840428919771,840428919740,
201-2-7=10XX,840428919788,840428919757,
201-2-1=10,810097203396,810097205895,
201-2-1=2XX,840428919825,840428919795,
201-2-1=5XX,840428919832,840428919801,
201-2-1=10XX,840428919849,840428919818,
201-2-2=2XX,840428919887,840428919856,
201-2-2=5XX,840428919894,840428919863,
201-2-2=10XX,840428919900,840428919870,
201-2-3=1,840428936907,840428936303,
201-2-3=10,810097203402,810097205901,
201-2-3=2XX,840428919948,840428919917,
201-2-3=5XX,840428919955,840428919924,
201-2-3=10XX,840428919962,840428919931,
201-2-4=2XX,840428920005,840428919979,
201-2-4=5XX,840428920012,840428919986,
201-2-4=10XX,840428920029,840428919993,
31-1-3=2XX,840428920142,840428920111,
31-1-3=5XX,840428920159,840428920128,
31-1-3=10XX,840428920166,840428920135,
31-1-2=10X,00840428942816,00840428942809,
31-1-2=10,810139937654,810139937661,
31-1-2=2XX,840428920203,840428920173,
31-1-2=5XX,840428920210,840428920180,
31-1-2=10XX,840428920227,840428920197,
30-1-2=2XX,840428920371,840428920340,
30-1-2=5XX,840428920388,840428920357,
30-1-2=10XX,840428920395,840428920364,
30-1-3=10,810097203419,810097205918,
30-1-3=2XX,840428921323,840428921293,
30-1-3=5XX,840428921347,840428921309,
30-1-3=10XX,840428921354,840428921316,
30-1-3=25,810097204614,810097205925,
25-3-3=10,810097203426,810097205932,
25-3-3=2XX,00840428929534,00840428929503,
25-3-3=5XX,00840428929541,00840428929510,
25-3-3=10XX,00840428929558,00840428929527,
25-3-4=10,810139937678,810139937685,
25-3-4=2XX,00840428929657,00840428929626,
25-3-4=5XX,00840428929664,00840428929633,
25-3-4=10XX,00840428929671,00840428929640,
2-4-1=1,810139930143,810139930174,
2-4-1=2,810139930365,810139930372,
2-4-1=5,810139930150,810139930181,
2-4-1=10,810139930167,810139930198,
2-4-2=1,810139930204,810139930235,
2-4-2=2,810139930341,810139930358,
2-4-2=5,810139930211,810139930242,
2-4-2=10,810139930228,810139930259,
2-4-3=1,810139930266,810139930297,
2-4-3=2,810139930327,810139930334,
2-4-3=5,810139930273,810139930303,
2-4-3=10,810139930280,810139930310,
5-5-1=2XX,00840428931278,00840428929565,
5-5-1=5XX,00840428931285,00840428929572,
5-5-1=10XX,00840428931292,00840428929589,
5-5-2=1,840428936891,840428936297,
5-5-2=10,810097203440,810097205956,
5-5-2=2XX,00840428929718,840428929688,
5-5-2=5XX,00840428929725,840428929695,
5-5-2=10XX,00840428929732,840428929701,
30-1-5=2XX,00840428929152,00840428929121,
30-1-5=5XX,00840428929169,00840428929138,
30-1-5=10XX,00840428929176,00840428929145,
30-1-4=10,810139932659,810139932666,
30-1-4=2XX,00840428929770,00840428929749,
30-1-4=5XX,00840428929787,00840428929756,
30-1-4=10XX,00840428929794,00840428929763,
3-3-3=10,810139937692,810139937708,
3-3-3=2XX,00840428929831,00840428929800,
3-3-3=5XX,00840428929848,00840428929817,
3-3-3=10XX,00840428929855,00840428929824,
3-3-4=10,810139937715,810139937722,
3-3-4=2XX,00840428929893,00840428929862,
3-3-4=5XX,00840428929909,00840428929879,
3-3-4=10XX,00840428929916,00840428929886,
31-3-1=10,810097203457,810097205963,
31-3-1=2XX,00840428929954,00840428929923,
31-3-1=5XX,00840428929961,00840428929930,
31-3-1=10XX,00840428929978,00840428929947,
31-4-1=10,810097203464,810097205970,
31-4-1=2XX,00840428930011,00840428929985,
31-4-1=5XX,00840428930028,00840428929992,
31-4-1=10XX,00840428930035,00840428930004,
26-1-6=1X,810139939979,810139939931,
26-1-6=2X,810139939665,810139939634,
26-1-6=5X,810139939672,810139939641,
26-1-6=10X,810139939689,810139939658,
26-1-7=1X,810139939986,810139939900,
26-1-7=2X,810139939726,810139939696,
26-1-7=5X,810139939733,810139939702,
26-1-7=10X,810139939740,810139939719,
26-1-8=1X,810139939993,810139939894,
26-1-8=2X,810139939788,810139939757,
26-1-8=5X,810139939795,810139939764,
26-1-8=10X,810139939801,810139939771,
26-2-8=1X,810139939856,810139939818,
26-2-8=2X,810139939863,810139939825,
26-2-8=5X,810139939870,810139939832,
26-2-8=10X,810139939887,810139939849,
30-3-1=1,840428937263,840428937256,
30-3-1=10,810139936077,810139936084,
30-3-1=1XX,840428908447,840428908485,
30-3-1=2XX,840428908454,840428908492,
30-3-1=5XX,840428908461,840428908508,
30-3-1=10XX,840428908478,840428908515,
30-3-2=1,840428941598,840428941581,
30-3-2=10,840428936785,840428936181,
30-3-2=2XX,00840428929350,00840428929329,
30-3-2=5XX,00840428929367,00840428929336,
30-3-2=10XX,00840428929374,00840428929343,
30-3-3=1,810139937739,810139937746,
30-3-3=2XX,00840428929411,00840428929381,
30-3-3=5XX,00840428929428,00840428929398,
30-3-3=10XX,00840428929435,00840428929404,
30-5-3=15XX,00840428930196,840428930165,
30-5-3=50XX,00840428930202,840428930172,
30-5-3=100XX,00840428930219,840428930189,
4-5-3=10,810139936091,810139936107,
4-5-3=2XX,00840428930561,00840428930530,
4-5-3=5XX,00840428930578,00840428930547,
4-5-3=10XX,00840428930585,00840428930554,
4-5-2=10,810139936114,810139936121,
4-5-2=2XX,00840428930622,00840428930592,
4-5-2=5XX,00840428930639,00840428930608,
4-5-2=10XX,00840428930646,00840428930615,
4-5-4=10,810139937753,810139937760,
4-5-4=2XX,00840428930684,00840428930653,
4-5-4=5XX,00840428930691,00840428930660,
4-5-4=10XX,00840428930707,00840428930677,
4-5-1=2XX,00840428935160,840428935139,
4-5-1=5XX,00840428935177,840428935146,
4-5-1=10XX,00840428935184,840428935153,
26-4-1=50,810097208896,810097208919,
26-4-1=100,810097208902,810097208926,
26-4-1=25XX,840428903466,840428903589,
26-4-1=50XX,840428903473,840428903596,
26-4-1=100XX,840428903480,840428903602,
26-4-2=50,810097208933,810097208957,
26-4-2=100,810097208940,00810097209701,
26-4-2=25XX,840428903497,840428903619,
26-4-2=50XX,840428903503,840428903626,
26-4-2=100XX,840428903510,840428903633,
26-4-2=100J,840428908522,840428908539,
26-4-3=50,810097203518,810097206014,
26-4-3=100,810097204638,810097206021,
26-4-3=25XX,840428903527,840428903640,
26-4-3=50XX,840428903534,840428903657,
26-4-3=100XX,840428903541,840428903664,
26-4-5=25XX,840428903558,840428903671,
26-4-5=50XX,840428903565,840428903688,
26-4-5=100XX,840428903572,840428903695,
26-1-1=1,840428936624,840428936020,
26-1-1=10,810097206502,810097206526,
26-1-1=2X,810139939368,810139939337,
26-1-1=5X,810139939375,810139939344,
26-1-1=10X,810139939382,810139939351,
26-1-2=1,810097206496,810097206519,
26-1-2=5,810097203488,810097205994,
26-1-2=10,810097204621,810097206007,
26-1-2=2X,810139939429,810139939399,
26-1-2=5X,810139939436,810139939405,
26-1-2=10X,810139939443,810139939412,
26-1-3=1,840428929275,840428929268,
26-1-3=2X,810139939481,810139939450,
26-1-3=5X,810139939498,810139939467,
26-1-3=10X,810139939504,810139939474,
26-1-4=2X,810139939511,810139939542,
26-1-4=5X,810139939528,810139939559,
26-1-4=10X,810139939535,810139939566,
26-1-5=10,810097208971,810097208988,
26-1-5=2X,810139939573,810139939603,
26-1-5=5X,810139939580,810139939610,
26-1-5=10X,810139939597,810139939627,
3-4-1=1,810139939306,810139939276,
3-4-1=5,810139939320,810139939283,
3-4-1=10,810139939313,810139939290,
5-5-3=2XX,00840428935009,840428934972,
5-5-3=5XX,00840428935016,840428934989,
5-5-3=10XX,00840428935023,840428934996,
5-5-4=2XX,00840428935061,840428935030,
5-5-4=5XX,00840428935078,840428935047,
5-5-4=10XX,00840428935085,840428935054,
202-1-1=1,810097203495,810097206472,
202-1-1=2XX,00840428934729,840428934699,
202-1-1=5XX,00840428934736,840428934705,
202-1-1=10XX,00840428934743,840428934712,
202-1-2=2XX,00840428934781,840428934750,
202-1-2=5XX,00840428934798,840428934767,
202-1-2=10XX,00840428934804,840428934774,
202-1-3=2XX,00840428934842,840428934811,
202-1-3=5XX,00840428934859,840428934828,
202-1-3=10XX,00840428934866,840428934835,
202-1-4=2XX,00840428934903,840428934873,
202-1-4=5XX,00840428934910,840428934880,
202-1-4=10XX,00840428934927,840428934897,
202-1-5=5,810097209015,810097209022,
202-1-5=2XX,00840428931612,00840428931582,
202-1-5=5XX,00840428931629,00840428931599,
202-1-5=10XX,00840428931636,00840428931605,
202-1-6=5,810097209039,810097209046,
202-1-6=2XX,00840428931551,00840428931520,
202-1-6=5XX,00840428931568,00840428931537,
202-1-6=10XX,00840428931575,00840428931544,
202-1-7=2XX,00840428931490,00840428931469,
202-1-7=5XX,00840428931506,00840428931476,
202-1-7=10XX,00840428931513,00840428931483,
202-1-8=2XX,00840428937300,840428937270,
202-1-8=5XX,00840428937317,840428937287,
202-1-8=10XX,00840428937324,840428937294,
202-1-9=2XX,00840428937362,840428937331,
202-1-9=5XX,00840428937379,840428937348,
202-1-9=10XX,00840428937386,840428937355,
202-1-10=2XX,00840428937423,840428937393,
202-1-10=5XX,00840428937430,840428937409,
202-1-10=10XX,00840428937447,840428937416,
202-1-11=2XX,00840428931438,00840428931407,
202-1-11=5XX,00840428931445,00840428931414,
202-1-11=10XX,00840428931452,00840428931421,
202-1-12=5,810097208995,810097209008,
202-1-12=2XX,00840428937485,840428937454,
202-1-12=5XX,00840428937492,840428937461,
202-1-12=10XX,00840428937508,840428937478,
202-1-13=5,810139932673,810139932680,
202-1-13=2XX,00840428937546,840428937515,
202-1-13=5XX,00840428937553,840428937522,
202-1-13=10XX,00840428937560,840428937539,
202-1-14=5,810139936152,810139936169,
202-1-14=2XX,00840428937607,840428937577,
202-1-14=5XX,00840428937614,840428937584,
202-1-14=10XX,00840428937621,840428937591,
202-1-15=2XX,00840428937669,840428937638,
202-1-15=5XX,00840428937676,840428937645,
202-1-15=10XX,00840428937683,840428937652,
202-1-16=2XX,00840428937720,840428937690,
202-1-16=5XX,00840428937737,840428937706,
202-1-16=10XX,00840428937744,840428937713,
202-1-16=1,810097203501,810097206489,
202-1-17=5,810097209053,810097209060,
202-1-17=2XX,00840428937782,840428937751,
202-1-17=5XX,00840428937799,840428937768,
202-1-17=10XX,00840428937805,840428937775,
202-1-18=2XX,00840428931674,840428931643,
202-1-18=5XX,00840428931681,840428931650,
202-1-18=10XX,00840428931698,840428931667,
202-2-18=2XX,00840428937843,840428937812,
202-2-18=5XX,00840428937850,840428937829,
202-2-18=10XX,00840428937867,840428937836,
202-2-17=2XX,840428908546,840428908577,
202-2-17=5XX,840428908553,840428908584,
202-2-17=10XX,840428908560,840428908591,
202-2-12=2XX,840428908607,840428908638,
202-2-12=5XX,840428908614,840428908645,
202-2-12=10XX,840428908621,840428908652,
202-2-13=2XX,840428911515,840428911546,
202-2-13=5XX,840428911522,840428911553,
202-2-13=10XX,840428911539,840428911560,
202-2-14=2XX,00840428937966,840428937935,
202-2-14=5XX,00840428937973,840428937942,
202-2-14=10XX,00840428937980,840428937959,
202-2-15=2XX,00840428938024,840428937997,
202-2-15=5XX,00840428938031,840428938000,
202-2-15=10XX,00840428938048,840428938017,
202-2-16=2XX,00840428938086,840428938055,
202-2-16=5XX,00840428938093,840428938062,
202-2-16=10XX,00840428934965,840428934934,
202-6-9=2X,00840428942915,00840428942885,
202-6-9=5X,00840428942922,00840428942892,
202-6-9=10X,00840428942939,00840428942908,
202-6-10=2X,00840428942977,00840428942946,
202-6-10=5X,00840428942984,00840428942953,
202-6-10=10X,00840428942991,00840428942960,
202-6-11=2X,00840428943035,00840428943004,
202-6-11=5X,00840428943042,00840428943011,
202-6-11=10X,00840428943059,00840428943028,
202-6-12=2X,00840428943097,00840428943066,
202-6-12=5X,00840428943103,00840428943073,
202-6-12=10X,00840428943110,00840428943080,
5-2-3=2,810097209077,810097200067,
5-2-3=10,810097209091,810097209114,
5-3-3=2XX,00840428931766,840428931704,
5-3-3=5XX,00840428931773,840428931711,
5-3-3=10XX,00840428931780,840428931728,
5-3-4=2XX,00840428931797,840428931735,
5-3-4=5XX,00840428931803,840428931742,
5-3-4=10XX,00840428931810,840428931759,
3-5-1=1,810139930082,810139930112,
3-5-1=2,810139930099,810139930129,
3-5-1=10,810139930105,810139930136,
3-5-2=1,810139930013,810139930044,
3-5-2=2,810139930020,810139930068,
3-5-2=10,810139930037,810139930075,
201-1-9=2X,00840428934156,840428934132,
201-1-9=10X,00840428934163,840428934149,
201-1-9=10,840428938109,840428938079,
201-1-10=10,810139937777,810139937784,
201-1-10=2X,00840428934194,840428934170,
201-1-10=10X,00840428934200,840428934187,
201-1-11=2X,00840428934231,840428934217,
201-1-11=10X,00840428934248,840428934224,
201-1-12=2X,00840428934279,840428934255,
201-1-12=10X,00840428934286,840428934262,
34-5-7=1XX,00840428938963,840428938932,
34-5-7=5XX,00840428938970,840428938949,
34-5-7=10XX,00840428938987,840428938956,
34-5-3=1XX,00840428939205,840428939175,
34-5-3=5XX,00840428939212,840428939182,
34-5-3=10XX,00840428939229,840428939199,
202-4-11=2XX,00840428935726,840428935696,
202-4-11=5XX,00840428935733,840428935702,
202-4-11=10XX,00840428935740,840428935719,
202-4-9=2XX,00840428934385,840428934354,
202-4-9=5XX,00840428934392,840428934361,
202-4-9=10XX,00840428934408,840428934378,
202-4-10=2XX,00840428935962,840428935931,
202-4-10=5XX,00840428935979,840428935948,
202-4-10=10XX,00840428935986,840428935955,
202-4-14=1,810097209121,810097201545,
202-4-14=2,810097209138,810097201552,
202-4-13=2XX,00840428935849,840428935818,
202-4-13=5XX,00840428935856,840428935825,
202-4-13=10XX,00840428935863,840428935832,
202-4-12=2XX,00840428935788,840428935757,
202-4-12=5XX,00840428935795,840428935764,
202-4-12=10XX,00840428935801,840428935771,
202-4-7=1,810097209145,810097209152,
202-4-7=2XX,00840428940041,840428940010,
202-4-7=5XX,00840428940058,840428940027,
202-4-7=10XX,00840428940065,840428940034,
202-5-8=2XX,00840428931858,840428931827,
202-5-8=5XX,00840428931865,840428931834,
202-5-8=10XX,00840428931872,840428931841,
34-5-1=1XX,840428938918,840428938895,
34-5-2=1XX,00840428938314,840428938291,
3-1-1=1,840428900465,840428900472,
3-1-1=5,810097203525,810097206038,
3-1-1=10,810097204645,810097206045,
3-1-1=2XX,00840428932084,00840428931889,
3-1-1=5XX,00840428932091,00840428931896,
3-1-1=10XX,00840428932107,00840428931902,
3-1-1=25XX,00840428932114,00840428931919,
3-2-4=5,810097203532,810097206052,
3-2-4=10,810097204652,810097206069,
3-2-4=2XX,00840428932121,00840428931926,
3-2-4=5XX,00840428932138,00840428931933,
3-2-4=10XX,00840428932145,00840428931940,
3-2-4=25XX,00840428932152,00840428931957,
3-2-3=5,810097203549,810097206076,
3-2-3=10,810097204669,810097206083,
3-2-3=25,810097204676,810097206090,
3-2-3=2XX,00840428932169,00840428931964,
3-2-3=5XX,00840428932176,00840428931971,
3-2-3=10XX,00840428932183,00840428931988,
3-2-3=25XX,00840428932190,00840428931995,
3-2-1=1,00840428936686,00840428936082,
3-2-1=5,810097203556,810097206106,
3-2-1=10,810097204683,810097206113,
3-2-1=25,810097204690,810097206120,
3-2-1=2XX,00840428932206,00840428932008,
3-2-1=5XX,00840428932213,00840428932015,
3-2-1=10XX,00840428932220,00840428932022,
3-2-1=25XX,00840428932237,00840428932039,
3-2-2=1,00840428936655,00840428936051,
3-2-2=5,810097203600,810097206168,
3-2-2=10,810097204713,810097206175,
3-2-2=25,840428943615,840428943608,3-2-2=25-
3-2-2=2XX,00840428932244,00840428932046,
3-2-2=5XX,00840428932251,00840428932053,
3-2-2=10XX,00840428932268,00840428932060,
3-2-2=25XX,00840428932275,00840428932077,
202-3-9=2XX,00840428938543,840428938512,
202-3-9=5XX,00840428938550,840428938529,
202-3-9=10XX,00840428938567,840428938536,
202-3-10=2XX,00840428938482,840428938451,
202-3-10=5XX,00840428938499,840428938468,
202-3-10=10XX,00840428938505,840428938475,
202-3-11=2XX,00840428938420,840428938390,
202-3-11=5XX,00840428938437,840428938406,
202-3-11=10XX,00840428938444,840428938413,
202-3-12=2XX,00840428938369,840428938338,
202-3-12=5XX,00840428938376,840428938345,
202-3-12=10XX,00840428938383,840428938352,
23-2-9=11,810097203563,,
24-2-9=10,810097203570,810097206144,
202-4-2=2X,00810139937159,00810139937197,
202-4-2=5X,00810139937166,00810139937203,
202-4-2=10X,00810139937173,00810139937210,
202-4-2=25X,00810139937180,00810139937227,
202-3-2=2X,00810139937234,00810139937272,
202-3-2=5X,00810139937241,00810139937289,
202-3-2=10X,00810139937258,00810139937296,
202-3-2=25X,00810139937265,00810139937302,
202-2-2=2X,00810139937319,00810139937357,
202-2-2=5X,00810139937326,00810139937364,
202-2-2=10X,00810139937333,00810139937371,
202-2-2=25X,00810139937340,00810139937388,
202-4-3=2XX,840428933265,840428922450,
202-4-3=5XX,840428922641,840428922467,
202-4-3=10XX,840428922658,840428922474,
202-3-3=2XX,840428922665,840428922481,
202-3-3=5XX,840428922672,840428933210,
202-3-3=10XX,840428922689,840428933227,
202-2-3=2XX,840428938710,840428933234,
202-2-3=5XX,840428938727,840428933241,
202-2-3=10XX,840428938734,840428933258,
202-4-4=2XX,840428938741,840428922542,
202-4-4=5XX,840428938758,840428922559,
202-4-4=10XX,840428938765,840428922566,
202-3-4=2XX,840428938772,840428922573,
202-3-4=5XX,840428938789,840428922580,
202-3-4=10XX,840428938796,840428922597,
202-2-4=2XX,840428938802,840428922603,
202-2-4=5XX,840428938819,840428922610,
202-2-4=10XX,840428938826,840428922627,
202-4-1=1XX,840428938833,840428933272,
202-4-1=2XX,840428938840,840428933289,
202-4-1=5XX,840428938857,840428933296,
202-4-1=10XX,840428938864,840428933302,
202-3-1=1XX,840428938871,840428922498,
202-3-1=2XX,840428938888,840428922504,
202-3-1=5XX,840428922634,840428922511,
202-3-1=10XX,840428933319,840428922528,
202-2-1=1XX,840428933326,840428922535,
202-2-1=2XX,840428933364,840428933333,
202-2-1=5XX,840428933371,840428933340,
202-2-1=10XX,840428933388,840428933357,
61853-K=1X,00840428943714,00840428943684,
61853-K=5X,00840428943721,00840428943691,
61853-K=10X,00840428943738,00840428943707,
61854-K=1X,00840428943776,00840428943745,
61854-K=5X,00840428943783,00840428943752,
61854-K=10X,00840428943790,00840428943769,
61855-K=1X,00840428943806,00840428943820,
61855-K=5X,00840428943813,00840428943837,
61856-K=1X,00840428943875,00840428943844,
61856-K=5X,00840428943882,00840428943851,
61856-K=10X,00840428943899,00840428943868,
61857-K=1X,00840428943936,00840428943905,
61857-K=5X,00840428943943,00840428943912,
61857-K=10X,00840428943950,00840428943929,
61858-K=1X,00840428943981,00840428943967,
61858-K=5X,00840428943998,00840428943974,
61841-K=1X,00840428944032,00840428944001,
61841-K=5X,00840428944049,00840428944018,
61841-K=10X,00840428944056,00840428944025,
61842-K=1X,00840428944094,00840428944063,
61842-K=5X,00840428944100,00840428944070,
61842-K=10X,00840428944117,00840428944087,
61843-K=1X,00840428944148,00840428944124,
61843-K=5X,00840428944155,00840428944131,
61844-K=1X,00840428944193,00840428944162,
61844-K=5X,00840428944209,00840428944179,
61844-K=10X,00840428944216,00840428944186,
61845-K=1X,00840428944254,00840428944223,
61845-K=5X,00840428944261,00840428944230,
61845-K=10X,00840428944278,00840428944247,
61846-K=1X,00840428944308,00840428944285,
61846-K=5X,00840428944315,00840428944292,
61871-K=1X,00840428944346,00840428944322,
61871-K=5X,00840428944353,00840428944339,
202-2-7=1X,00840428944414,00840428944384,
202-2-7=5X,00840428944421,00840428944391,
202-2-7=10X,00840428944438,00840428944407,
202-2-8=1X,00840428944476,00840428944445,
202-2-8=5X,00840428944483,00840428944452,
202-2-8=10X,00840428944490,00840428944469,
202-4-5=10,00810097207691,00810097207714,
202-4-5=25,00810097207707,00810097207721,
202-4-5=5XX,00840428922818,00840428922696,
202-4-5=10XX,00840428922825,00840428922702,
202-4-5=25XX,00840428922832,00840428922719,
202-3-5=10,00810097207738,00810097207752,
202-3-5=25,00810097207745,00810097207769,
202-3-5=5XX,00840428922849,00840428922726,
202-3-5=10XX,00840428922856,00840428922733,
202-3-5=25XX,00840428922863,00840428922740,
202-2-5=2X,00810139936190,00810139936237,
202-2-5=5XX,00810139936206,00810139936244,
202-2-5=10XX,00810139936213,00810139936251,
202-2-5=25XX,00810139936220,00810139936268,
202-4-6=10,00810097207776,00810097207790,
202-4-6=25,00810097207783,00810097207806,
202-4-6=5XX,00840428922870,00840428922757,
202-4-6=10XX,00840428922887,00840428922764,
202-4-6=25XX,00840428922894,00840428922771,
202-3-6=10,00810097209220,00810097209237,
202-3-6=5XX,00840428922900,00840428922788,
202-3-6=10XX,00840428922917,00840428922795,
202-3-6=25XX,00840428922924,00840428922801,
202-5-2=2X,00810139936275,00810139936312,
202-5-2=5X,00810139936282,00810139936329,
202-5-2=10X,00810139936299,00810139936336,
202-5-2=25X,00810139936305,00810139936343,
202-6-2=2X,00810139936350,00810139936398,
202-6-2=5X,00810139936367,00810139936404,
202-6-2=10X,00810139936374,00810139936411,
202-6-2=25X,00810139936381,00810139936428,
202-6-5=2X,00810139936435,00810139936473,
202-6-5=5X,00810139936442,00810139936480,
202-6-5=10X,00810139936459,00810139936497,
202-6-5=25X,00810139936466,00810139936503,
202-5-3=2X,00810139936510,00810139936558,
202-5-3=5X,00810139936527,00810139936565,
202-5-3=10X,00810139936534,00810139936572,
202-5-3=25X,00810139936541,00810139936589,
202-6-3=2X,00810139936596,00810139936633,
202-6-3=5X,00810139936602,00810139936640,
202-6-3=10X,00810139936619,00810139936657,
202-6-3=25X,00810139936626,00810139936664,
202-6-6=2X,00810139936671,00810139936718,
202-6-6=5X,00810139936688,00810139936725,
202-6-6=10X,00810139936695,00810139936732,
202-6-6=25X,00810139936701,00810139936749,
202-5-4=2X,00810139936756,00810139936794,
202-5-4=5X,00810139936763,00810139936800,
202-5-4=10X,00810139936770,00810139936817,
202-5-4=25X,00810139936787,00810139936824,
202-5-1=2X,00810139936831,00810139936879,
202-5-1=5X,00810139936848,00810139936886,
202-5-1=10X,00810139936855,00810139936893,
202-5-1=25X,00810139936862,00810139936909,
202-6-1=2X,00810139936916,00810139936954,
202-6-1=5X,00810139936923,00810139936961,
202-6-1=10X,00810139936930,00810139936978,
202-6-1=25X,00810139936947,00810139936985,
202-6-4=2X,00810139936992,00810139937036,
202-6-4=5X,00810139937005,00810139937043,
202-6-4=10X,00810139937012,00810139937050,
202-6-4=25X,00810139937029,00810139937067,
202-5-5=2X,00810139937074,00810139937111,
202-5-5=5X,00810139937081,00810139937128,
202-5-5=10X,00810139937098,00810139937135,
202-5-5=25X,00810139937104,00810139937142,
24-1-2=1,00810097206540,00810097206533,
24-1-2=10,00810097206557,00810097206564,
24-1-2=1X,840428905385,840428905026,
24-1-2=2X,840428905392,840428905033,
24-1-2=5X,840428905408,840428905040,
24-1-2=10X,840428905415,840428905057,
26-2-5=10,00810097206588,00810097206571,
26-2-5=25,00810097206595,00810097206601,
26-2-5=2XX,840428932701,840428932671,
26-2-5=5XX,840428932718,840428932688,
26-2-5=10XX,840428932725,840428932695,
26-2-6=1,840428936877,840428936273,
26-2-6=2,00810097206618,00810097206625,
26-2-6=10,00810097206632,00810097206649,
26-2-6=2XX,840428932763,840428932732,
26-2-6=5XX,840428932770,840428932749,
26-2-6=10XX,840428932787,840428932756,
26-2-7=1,00810097206656,00810097206663,
26-2-7=1X,00810097206748,00810097206762,
26-2-7=2XX,840428932824,840428932794,
26-2-7=5XX,840428932831,840428932800,
26-2-7=10XX,840428932848,840428932817,
26-5-2=10,00810097206687,00810097206700,
26-5-2=2,00810097206670,00810097206694,
26-5-2=2X,840428904241,840428904623,
26-5-2=5X,840428904258,840428904630,
26-5-2=10X,840428904265,840428904647,
26-5-2=25X,840428904272,840428904654,
26-5-3=1,840428936914,840428936310,
26-5-3=10,00810097206717,00810097206724,
26-5-3=2X,840428904289,840428904661,
26-5-3=5X,840428904296,840428904678,
26-5-3=10X,840428904302,840428904685,
26-5-3=25X,840428904319,840428904692,
201-4-1=2,00810097206731,00810097206755,
201-4-1=2XX,840428914578,840428913885,
201-4-1=5XX,840428914585,840428913892,
201-4-1=10XX,840428914592,840428913908,
201-4-2=10,00810097206786,00810097206809,
201-4-2=2,00810097206779,00810097206793,
201-4-2=2XX,840428914608,840428913915,
201-4-2=5XX,840428914615,840428913922,
201-4-2=10XX,840428914622,840428913939,
26-5-1=10,00810139935759,00810139935766,
26-5-1=2X,840428904326,840428904708,
26-5-1=5X,840428904333,840428904715,
26-5-1=10X,840428904340,840428904722,
26-5-1=25X,840428904357,840428904739,
26-5-5=2X,00810139935490,00810139935537,
26-5-5=5X,00810139935506,00810139935544,
26-5-5=10X,00810139935513,00810139935551,
26-5-5=25X,00810139935520,00810139935568,
26-5-6=2,840428937027,840428936426,
26-5-6=2X,00810139935575,00810139935612,
26-5-6=5X,00810139935582,00810139935629,
26-5-6=10X,00810139935599,00810139935636,
26-5-6=25X,00810139935605,00810139935643,
26-5-4=2X,00810139935650,00810139935698,
26-5-4=5X,00810139935667,00810139935704,
26-5-4=10X,00810139935674,00810139935711,
26-5-4=25X,00810139935681,00810139935728,
26-5-8=10,00810139935773,00810139935780,
26-5-8=2XX,840428932589,840428932558,
26-5-8=5XX,840428932596,840428932565,
26-5-8=10XX,840428932602,840428932572,
26-5-7=10,00810139935797,00810139935803,
26-5-7=2XX,840428932640,840428932619,
26-5-7=5XX,840428932657,840428932626,
26-5-7=10XX,840428932664,840428932633,
201-2-9=2XX,840428913342,840428913250,
201-2-9=5XX,840428913359,840428913267,
201-2-9=10XX,840428913366,840428913274,
201-5-14=1,00810139935810,00810139935827,
201-5-14=2XX,840428913854,840428913823,
201-5-14=5XX,840428913861,840428913830,
201-5-14=10XX,840428913878,840428913847,
201-2-10=10,00810097206816,00810097206847,
201-2-10=1,00810097206823,00810097206830,
201-2-10=2XX,840428913311,840428913229,
201-2-10=5XX,840428913328,840428913236,
201-2-10=10XX,840428913335,840428913243,
201-2-12=10,00810097209756,00810097209770,
201-2-12=25,00810097209763,00810097209787,
201-2-12=50,00810097209541,00810097209565,
201-2-12=100,00810097209558,00810097209572,
201-2-13=10,00810097209794,00810097209817,
201-2-13=25,00810097209800,00810097209824,
201-2-13=50,00810097209589,00810097209602,
201-2-13=100,00810097209596,00810097209619,
201-2-13=100X,840428942076,840428942069,
201-2-14=10,00810097209831,00810097209848,
201-2-14=50,00810097209626,00810097209640,
201-2-14=100,00810097209633,00810097209657,
4-1-1=2XX,00840428930073,00840428930042,
4-1-1=5XX,00840428930080,00840428930059,
4-1-1=10XX,00840428930097,00840428930066,
4-1-2=2XX,00840428930134,00840428930103,
4-1-2=5XX,00840428930141,00840428930110,
4-1-2=10XX,00840428930158,00840428930127,
4-1-2=1,840428936693,840428936099,
5-2-2=10,00840428919665,00840428919658,
5-2-2=5,00810097206861,00810097206885,
5-2-2=1,00810097206854,00810097206878,
5-2-2=1XX,840428933074,840428933036,
5-2-2=2XX,00840428933081,840428933043,
5-2-2=5XX,00840428933098,840428933050,
5-2-2=10XX,00840428933104,840428933067,
5-1-2=5,00810097206908,00810097206922,
5-1-2=1,00810097206892,00810097206915,
5-1-2=1XX,00840428933616,840428933579,
5-1-2=2XX,00840428933623,840428933586,
5-1-2=5XX,00840428933630,840428933593,
5-1-2=10XX,00840428933647,840428933609,
5-2-1=10,00810097206953,00810097206984,
5-2-1=2,00810097206946,00810097206977,
5-2-1=1,00810097206939,00810097206960,
5-2-1=1X,00810097207011,00810097207042,
5-2-1=1XX,840428933159,840428933111,
5-2-1=2XX,00840428933166,840428933128,
5-2-1=5XX,00840428933173,840428933135,
5-2-1=10XX,00840428933180,840428933142,
5-1-1=2,00810097207004,00810097207035,
5-1-1=1,00810097206991,00810097207028,
5-1-1=1XX,00840428933692,840428933654,
5-1-1=2XX,00840428933708,840428933661,
5-1-1=5XX,00840428933715,840428933678,
5-1-1=10XX,00840428933722,840428933685,
5-3-2=2,00810097207066,00810097207080,
5-3-2=1,00810097207059,00810097207073,
5-3-2=1XX,00840428933852,840428933814,
5-3-2=2XX,00840428933869,840428933821,
5-3-2=5XX,00840428933876,840428933838,
5-3-2=10XX,00840428933883,840428933845,
5-4-2=1,00810097209183,00810097209206,
5-4-2=2,00810097209190,00810097209213,
5-4-2=5,00810139935834,00810139935841,
5-4-2=1XX,00840428933937,840428933890,
5-4-2=2XX,00840428933944,840428933906,
5-4-2=5XX,00840428933951,840428933913,
5-4-2=10XX,00840428933968,840428933920,
5-3-1=10,00810097207127,00810097207165,
5-3-1=2,00810097207103,00810097207141,
5-3-1=1,00810097207097,00810097207134,
5-3-1=1XX,00840428933777,840428933739,
5-3-1=2XX,00840428933784,840428933746,
5-3-1=5XX,00840428933791,840428933753,
5-3-1=10XX,00840428933807,840428933760,
5-4-1=1,840428936969,840428936365,
5-4-1=1XX,00840428920074,00840428920036,
5-4-1=2XX,00840428920098,00840428920043,
5-4-1=5XX,00840428920081,00840428920050,
5-4-1=10XX,00840428920104,00840428920067,
5-2-4=1,00810097209466,00810097209503,
5-2-4=1X,00810097207110,00810097207158,
5-2-4=2,00810097209473,00810097209510,
5-2-4=5,00810097209480,00810097209527,
5-2-4=10,00810097209497,00810097209534,
5-1-3=1XX,840428934019,840428933975,
5-1-3=2XX,840428934026,840428933982,
5-1-3=5XX,840428934033,840428933999,
5-1-3=10XX,840428934040,840428934002,
5-1-4=1XX,840428934095,840428934057,
5-1-4=2XX,840428934101,840428934064,
5-1-4=5XX,840428934118,840428934071,
5-1-4=10XX,840428934125,840428934088,
202-5-14=10,00810097207813,00810097207820,
202-5-14=5XX,00840428934446,840428934415,
202-5-14=10XX,00840428934453,840428934422,
202-5-14=100XX,00840428934460,840428934439,
202-5-13=10,00810097207837,00810097207844,
202-5-13=5XX,00840428934507,840428934477,
202-5-13=10XX,00840428934514,840428934484,
202-5-13=100XX,00840428934521,840428934491,
202-5-12=5XX,00840428934569,00840428934538,
202-5-12=10XX,00840428934576,00840428934545,
202-5-12=100XX,00840428934583,00840428934552,
30-3-4=2X,00810139934172,00810139934196,
30-3-4=10X,00810139934189,00810139934202,
30-3-4=10,00840428929251,00840428929244,
30-4-8=2X,00810139934097,00810139934110,
30-4-8=10X,00810139934103,00810139934127,
30-4-7=2X,00810139934134,00810139934158,
30-4-7=10X,00810139934141,00810139934165,
30-4-7=10,00840428941451,00840428941444,
30-4-6=2X,00810139933977,00810139933991,
30-4-6=10X,00810139933984,00810139934004,
30-4-6=10,00840428941246,00840428941239,
30-4-5=2X,00810139934011,00810139934035,
30-4-5=10X,00810139934028,00810139934042,
30-4-5=10,00810097207172,00810097207189,
30-4-4=2X,00810139934059,00810139934073,
30-4-4=10X,00810139934066,00810139934080,
30-4-4=10,00810097207196,00810097207202,
4-2-1=10J,00810097207233,00810097207240,
4-2-1=10X,00810097207332,00810097207349,
4-2-1=2,840428900038,840428900007,
4-2-1=5,840428900045,840428900014,
4-2-1=10,840428900052,840428900021,
4-2-2=2,840428900090,840428900069,
4-2-2=5,840428900106,840428900076,
4-2-2=10,840428900113,840428900083,
4-2-3=2,840428900151,840428900120,
4-2-3=5,840428900168,840428900137,
4-2-3=10,840428900175,840428900144,
4-2-3=10,00810139935872,00810139935889,
4-3-1=2,840428900397,840428900366,
4-3-1=5,840428900403,840428900373,
4-3-1=10,840428900410,840428900380,
4-3-2=2,840428900212,840428900182,
4-3-2=5,840428900229,840428900199,
4-3-2=10,840428900236,840428900205,
4-2-4=2,840428900274,840428900243,
4-2-4=5,840428900281,840428900250,
4-2-4=10,840428900298,840428900267,
4-1-3=1,00810097207219,00810097207226,
4-1-3=2,840428900335,840428900304,
4-1-3=5,840428900342,840428900311,
4-1-3=10,840428900359,840428900328,
4-1-3=10X,00810139937432,00810139937456,
26-3-7=1,00810139935858,00810139935865,
23-6-5=10XX,00840428938628,00840428938598,
23-6-5=25XX,00840428938635,00840428938604,
23-6-5=50XX,00840428938642,00840428938611,
23-5-1=10XX,00840428920272,00840428920241,
23-5-1=25XX,00840428920289,00840428920258,
23-5-1=50XX,00840428920265,00840428920234,
23-5-1=100,00810097207257,00810097207271,
24-5-1=50,00810097207639,00810097207646,
24-5-1=100,00810139937913,00810139937968,
24-5-1=5XX,00840428920302,00840428920791,
24-5-1=10XX,00840428920296,00840428920807,
24-5-1=25XX,00840428920319,00840428920814,
23-6-1=10,00810139935896,00810139935902,
23-6-1=5XX,00840428921125,00840428921033,
23-6-1=10XX,00840428921132,00840428921101,
23-6-1=15,00810139937449,00810139937463,
23-6-1=25XX,00840428921149,00840428921118,
24-5-5=25,00810097207264,00810097207288,
24-5-5=10XX,00840428921217,00840428921156,
24-5-5=25XX,00840428921224,00840428921163,
24-5-5=50XX,00840428921231,00840428921170,
23-6-9=10,00810097207295,00810097207318,
23-6-9=25,00810097207301,00810097207325,
23-6-9=5XX,00840428921248,00840428921187,
23-6-9=10XX,00840428921255,00840428921194,
23-6-9=25XX,00840428921262,00840428921200,
23-6-7=10XX,840428937225,840428937195,
23-6-7=25XX,840428937232,840428937201,
23-6-7=50XX,840428937249,840428937218,
23-5-3=100,840428936754,840428936150,
23-5-3=50,840428936730,840428936136,
23-5-3=10XX,840428921590,840428921330,
23-5-3=25XX,840428921606,840428921361,
23-5-3=50XX,840428921613,840428921378,
24-5-3=5XX,840428921620,840428921385,
24-5-3=10XX,840428921637,840428921392,
24-5-3=25XX,840428921644,840428921408,
24-5-3=25,840428936846,840428936242,
23-6-3=5,840428936860,840428936266,
23-6-3=10,00810097207356,00810097207363,
23-6-3=5XX,840428921651,840428921415,
23-6-3=10XX,840428921668,840428921422,
23-6-3=25XX,840428921675,840428921439,
23-5-6=25,00810097207370,00810097207387,
23-5-6=5XX,840428921682,840428921446,
23-5-6=10XX,840428921699,840428921453,
23-5-6=25XX,840428921705,840428921460,
23-5-7=25,00810097207394,00810097207400,
23-5-7=5XX,840428921712,840428921477,
23-5-7=10XX,840428921729,840428921484,
23-5-7=25XX,840428921736,840428921491,
23-5-5=5XX,840428921743,840428921507,
23-5-5=10XX,840428921750,840428921514,
23-5-5=25XX,840428921767,840428921521,
23-5-8=25,00810097207417,00810097207424,
23-5-8=5XX,840428921774,840428921538,
23-5-8=10XX,840428921781,840428921545,
23-5-8=25XX,840428921798,840428921552,
24-5-9=10,00810097207431,00810097207448,
24-5-9=5XX,840428921804,840428921569,
24-5-9=10XX,840428921811,840428921576,
24-5-9=25XX,840428921828,840428921583,
24-5-7=10,00810139935919,00810139935926,
23-6-6=25,00810097207455,00810097207462,
23-6-6=10XX,840428922108,840428922016,
23-6-6=25XX,840428922115,840428922023,
23-5-2=25,00810097207479,00810097207486,
23-5-2=50,840428938666,00840428938659,
23-5-2=10XX,840428921927,840428921835,
23-5-2=25XX,840428921934,840428921842,
23-5-2=50XX,840428921941,840428921859,
24-5-2=25,00840428938697,00840428938673,
24-5-2=50,00840428938703,00840428938680,
24-5-2=10XX,840428933425,840428933395,
24-5-2=25XX,840428933432,840428933401,
24-5-2=50XX,840428933449,840428933418,
23-6-2=10XX,840428921958,840428921866,
23-6-2=25XX,840428921965,840428921873,
23-6-2=50XX,840428921972,840428921880,
23-6-2=5,840428941601,840428941604,
23-6-2=10,840428941618,840428941611,
23-6-2=25,840428941635,840428941628,
24-5-6=5XX,840428921989,840428921897,
24-5-6=10XX,840428921996,840428921903,
24-5-6=25XX,840428922009,840428921910,
23-6-8=10,00810139937418,00810139937425,
23-6-8=10XX,840428933487,840428933456,
23-6-8=25XX,840428933494,840428933463,
23-6-8=50XX,840428933500,840428933470,
23-5-4=100,840428944810,840428944803,
23-5-4=50,00810097207509,00810097207523,
23-5-4=25,00810097207493,00810097207516,
23-5-4=10XX,840428922122,840428922030,
23-5-4=25XX,840428922139,840428922047,
23-5-4=50XX,840428922146,840428922054,
24-5-4=5,840428937188,840428936587,
24-5-4=10XX,840428922153,840428922061,
24-5-4=25XX,840428922160,840428922078,
23-6-4=25,,00810097207561,
23-6-4=10,00810097207530,00810097207554,
23-6-4=10XX,840428922177,840428922085,
23-6-4=25XX,840428922184,840428922092,
24-6-4=25,00810097207592,00810097207622,
24-6-4=10,00810097207585,00810097207615,
24-6-4=5,00810097207578,00810097207608,
24-6-4=5XX,840428922313,840428922191,
24-6-4=10XX,840428922320,840428922207,
24-6-4=25XX,840428922337,840428922214,
24-6-3=10,00840428922443,00840428922436,
24-6-3=25,00810139937944,00810139937999,
24-6-3=5XX,840428922344,840428922221,
24-6-3=10XX,840428922351,840428922238,
24-6-3=25XX,840428922368,840428922245,
23-5-9=5XX,840428933548,840428933517,
23-5-9=10XX,840428933555,840428933524,
23-5-9=25XX,840428933562,840428933531,
24-6-2=5XX,840428922375,840428922252,
24-6-2=10XX,840428922382,840428922269,
24-6-2=25XX,840428922399,840428922276,
24-6-1=5XX,840428922405,840428922283,
24-6-1=10XX,840428922412,840428922290,
24-6-1=25XX,840428922429,840428922306,
24-6-5=5XX,840428941253,840428941314,
24-6-5=10XX,840428941260,840428941321,
24-6-5=25XX,840428941277,840428941338,
24-6-6=5XX,840428941284,840428941345,
24-6-6=10XX,840428941291,840428941352,
24-6-6=25XX,840428941307,840428941369,
202-4-3=10,00810097207653,00810097207660,
202-4-3=2XX,00810097207547,840428922450,
202-3-3=10,00810097207677,00810097207684,
202-4-4=10,00810139937852,00810139937869,
202-3-4=10,00810097209176,00810097200890,
